Workbook
Name KEY_Pri: [1]KEY!$D$3:$D$6
Name KEY_Pri: KEY!$D$3:$D$6
Name KEY_Tier: [1]KEY!$A$3:$A$7
Name KEY_Tier: KEY!$A$3:$A$7
Name TargetMaturityTier: COVER!$F$13
Name TargetMaturityTier: COVER!$F$13

Sheet COVER
E2: NIST CSF GAP ASSESSMENT
E3: Febuary 2021
E11: Prepared for: | F11: Friendship Community Care
E12: Prepared by: | F12: Edafio Cybersecurity
E13: Target Maturity Level: | F13: 3

Sheet Assessment
A1: Sort | B1: Function | C1: Function Desc. | D1: Category | E1: Category Desc. | F1: Subcategory | G1: SubCategory Desc. | H1: Discussion Elements | I1: Interview Grouping | J1: Assessor Notes | K1: Finding | L1: Assessed Tier | M1: Priority | N1: Ref: CIS | O1: Ref: ISO | P1: Ref: 800-53 R4 | Q1: Ref: HIPAA | R1: Ref: HITRUST | S1: Ref: COBIT 5
A2: 1.1.1 | B2: ID | C2: Identify | D2: AM | E2: Asset Management (ID.AM): The data, personnel, devices, systems, and facilities that enable the organization to achieve business purposes are identified and managed consistent with their relative importance to organizational objectives and the organization’s risk strategy. | F2: ID.AM-1 | G2: Physical devices and systems within the organization are inventoried | H2: AD, *IX, Network Devices, IoT (Printers) | I2: Infrastructure | K2: While the CLIENT has key monitoring and management software (e.g., ManageEngine, PRTG, vCenter) that contains elements of inventory management, these systems are not leveraged in an intentional manner to ensure a comprehensive inventory is maintained. | L2: 1 | M2: Medium | N2: CIS CSC 1 | O2: A.8.1.1, A.8.1.2 | P2: CM-8, PM-5 | Q2: 45 C.F.R. §§ 164.308(a)(1)(ii)(A), 164.310(a)(2)(ii), 164.310(d) | S2: BAI09.01, BAI09.02
A3: 1.1.2 | B3: ID | C3: Identify | D3: AM | E3: Asset Management (ID.AM): The data, personnel, devices, systems, and facilities that enable the organization to achieve business purposes are identified and managed consistent with their relative importance to organizational objectives and the organization’s risk strategy. | F3: ID.AM-2 | G3: Software platforms and applications within the organization are inventoried | I3: Infrastructure | K3: The CLIENT leverages ManageEngine and vCenter to provide appropriate visibility to software platforms and applications. Specific software can be polled and patches can be deployed. | L3: 2 | M3: Medium | N3: CIS CSC 2 | O3: A.8.1.1, A.8.1.2 | P3: CM-8, PM-5 | Q3: 45 C.F.R. §§ 164.308(a)(1)(ii)(A), 164.308(a)(7)(ii)(E ) | S3: BAI09.01, BAI09.02, BAI09.05
A4: 1.1.3 | B4: ID | C4: Identify | D4: AM | E4: Asset Management (ID.AM): The data, personnel, devices, systems, and facilities that enable the organization to achieve business purposes are identified and managed consistent with their relative importance to organizational objectives and the organization’s risk strategy. | F4: ID.AM-3 | G4: Organizational communication and data flows are mapped | H4: Organization Charts, Network Diagrams, Data Flor Charts | I4: GRC | K4: No Network Diagrams, Data Flows, or Organizational contact sheets exist. An org chart was recently updated (Jan 2021) but it is not distributed to the organization and some members were note aware of its existence. | L4: 1 | M4: High | N4: CIS CSC 12 | O4: A.13.2.1 | P4: AC-4, CA-3, CA-9, PL-8 | Q4: 45 C.F.R. §§ 164.308(a)(1)(ii)(A), 164.308(a)(3)(ii)(A), 164.308(a)(8), 164.310(d) | S4: DSS05.02
A5: 1.1.4 | B5: ID | C5: Identify | D5: AM | E5: Asset Management (ID.AM): The data, personnel, devices, systems, and facilities that enable the organization to achieve business purposes are identified and managed consistent with their relative importance to organizational objectives and the organization’s risk strategy. | F5: ID.AM-4 | G5: External information systems are catalogued | H5: Hosted and Cloud Public Facing | I5: Infrastructure | K5: The CLIENT does have a technical document that lists key SAAS/Cloud Vendors. The location was not readily known and there are not process to ensure that it is comprehensive and maintained. | L5: 2 | M5: Low | N5: CIS CSC 12 | O5: A.11.2.6 | P5: AC-20, SA-9 | Q5: 45 C.F.R. §§ 164.308(a)(4)(ii)(A), 164.308(b), 164.314(a)(1), 164.314(a)(2)(i)(B), 164.314(a)(2)(ii), 164.316(b)(2) | S5: APO02.02
A6: 1.1.5 | B6: ID | C6: Identify | D6: AM | E6: Asset Management (ID.AM): The data, personnel, devices, systems, and facilities that enable the organization to achieve business purposes are identified and managed consistent with their relative importance to organizational objectives and the organization’s risk strategy. | F6: ID.AM-5 | G6: Resources (e.g., hardware, devices, data, time, personnel, and software) are prioritized based on their classification, criticality, and business value | H6: Critical Services | I6: GRC | K6: Critical services are not defined and there has been no identifiable effort to label or document assets that support their services. | L6: 1 | M6: Medium | N6: CIS CSC 13, 14 | O6: A.8.2.1 | P6: CP-2, RA-2, SA-14, SC-6 | Q6: 45 C.F.R. § 164.308(a)(7)(ii)(E ) | S6: APO03.03, APO03.04, BAI09.02
A7: 1.1.6 | B7: ID | C7: Identify | D7: AM | E7: Asset Management (ID.AM): The data, personnel, devices, systems, and facilities that enable the organization to achieve business purposes are identified and managed consistent with their relative importance to organizational objectives and the organization’s risk strategy. | F7: ID.AM-6 | G7: Cybersecurity roles and responsibilities for the entire workforce and third-party stakeholders (e.g., suppliers, customers, partners) are established | H7: BAAs | I7: GRC | K7: Roles and responsibilities for Third-Parties are expressed contractually via BAAs. No roles and responsibilities for employees exist. | L7: 1 | M7: High | N7: CIS CSC 17, 19 | O7: A.6.1.1 | P7: CP-2, PS-7, PM-11 | Q7: 45 C.F.R. §§ 164.308(a)(2), 164.308(a)(3), 164.308(a)(4), 164.308(b)(1), 164.314 | S7: APO01.02, DSS06.03
A8: 1.2.1 | B8: ID | C8: Identify | D8: BE | E8: Business Environment (ID.BE): The organization’s mission, objectives, stakeholders, and activities are understood and prioritized; this information is used to inform cybersecurity roles, responsibilities, and risk management decisions. | F8: ID.BE-1 | G8: The organization’s role in the supply chain is identified and communicated | H8: Vendor Risk Management | I8: GRC | K8: They do have BAAs on file. However, there is little process to ensure that a BAA is initiated. There is NO process to perform initial risk assessments or ongoing risk reviews. | L8: 2 | M8: Medium | O8: A.15.1.3, A.15.2.1, A.15.2.2 | P8: CP-2, SA-12 | Q8: 45 C.F.R. §§ 164.308(a)(1)(ii)(A), 164.308(a)(4)(ii), 164.308(a)(7)(ii)(C), 164.308(a)(7)(ii)(E), 164.308(a)(8), 164.310(a)(2)(i), 164.314, 164.316 | S8: APO08.04, APO08.05, APO10.03, APO10.04, APO10.05
A9: 1.2.2 | B9: ID | C9: Identify | D9: BE | E9: Business Environment (ID.BE): The organization’s mission, objectives, stakeholders, and activities are understood and prioritized; this information is used to inform cybersecurity roles, responsibilities, and risk management decisions. | F9: ID.BE-2 | G9: The organization’s place in critical infrastructure and its industry sector is identified and communicated | I9: GRC | K9: The CLIENT has situational awareness of their place in critical infrastructure. However, there is a lack of using this knowledge to inform their Risk Management processes. | L9: 2 | M9: Medium | P9: PM-8 | Q9: 45 C.F.R. §§ 164.308(a)(1)(ii)(A), 164.308(a)(4)(ii), 164.308(a)(7)(ii)(C), 164.308(a)(7)(ii)(E), 164.308(a)(8), 164.310(a)(2)(i), 164.314, 164.316 | S9: APO02.06, APO03.01
A10: 1.2.3 | B10: ID | C10: Identify | D10: BE | E10: Business Environment (ID.BE): The organization’s mission, objectives, stakeholders, and activities are understood and prioritized; this information is used to inform cybersecurity roles, responsibilities, and risk management decisions. | F10: ID.BE-3 | G10: Priorities for organizational mission, objectives, and activities are established and communicated | H10: Steering Committees | I10: GRC | K10: The CLIENT's overall mission, goals, and objectives are established by Executive Team and communicated with Directors, and then to Sr. Staff. | L10: 2 | M10: Low | P10: PM-11, SA-14 | Q10: 45 C.F.R. §§ 164.308(a)(7)(ii)(B), 164.308(a)(7)(ii)(C), 164.308(a)(7)(ii)(D),164.308(a)(7)(ii)(E), 164.310(a)(2)(i), 164.316 | S10: APO02.01, APO02.06, APO03.01
A11: 1.2.4 | B11: ID | C11: Identify | D11: BE | E11: Business Environment (ID.BE): The organization’s mission, objectives, stakeholders, and activities are understood and prioritized; this information is used to inform cybersecurity roles, responsibilities, and risk management decisions. | F11: ID.BE-4 | G11: Dependencies and critical functions for delivery of critical services are established | I11: Data | K11: Critical services and functions have not been defined. | L11: 1 | M11: Low | O11: A.11.2.2, A.11.2.3, A.12.1.3 | P11: CP-8, PE-9, PE-11, PM-8, SA-14 | Q11: 45 C.F.R. §§ 164.308(a)(7)(i), 164.308.(a)(7)(ii)(E), 164.310(a)(2)(i), 164.312(a)(2)(ii), 164.314(a)(1), 164.314(b)(2)(i)
A12: 1.2.5 | B12: ID | C12: Identify | D12: BE | E12: Business Environment (ID.BE): The organization’s mission, objectives, stakeholders, and activities are understood and prioritized; this information is used to inform cybersecurity roles, responsibilities, and risk management decisions. | F12: ID.BE-5 | G12: Resilience requirements to support delivery of critical services are established for all operating states (e.g. under duress/attack, during recovery, normal operations) | I12: Data | K12: Resilience requirements and/or thresholds have not been determined. This increases the risk of an ill-suited response during a continuity or security event. | L12: 1 | M12: Low | O12: A.11.1.4, A.17.1.1, A.17.1.2, A.17.2.1 | P12: CP-2, CP-11, SA-13, SA-14 | Q12: 45 C.F.R. §§ 164.308(a)(1)(ii)(B), 164.308(a)(6)(ii), 164.308(a)(7), 164.308(a)(8), 164.310(a)(2)(i), 164.312(a)(2)(ii), 164.314(b)(2)(i) | S12: DSS04.02
A13: 1.3.1 | B13: ID | C13: Identify | D13: GV | E13: Governance (ID.GV): The policies, procedures, and processes to manage and monitor the organization’s regulatory, legal, risk, environmental, and operational requirements are understood and inform the management of cybersecurity risk. | F13: ID.GV-1 | G13: Organizational cybersecurity policy is established and communicated | I13: GRC | K13: The CLIENT's Information Security Policy is woefully out dated, not maintained, and not disseminated for education. | L13: 1 | M13: High | N13: CIS CSC 19 | O13: A.5.1.1 | P13: -1 controls from all security control families | Q13: 45 C.F.R. §§ 164.308(a)(1)(i), 164.316 | S13: APO01.03, EDM01.01, EDM01.02
A14: 1.3.2 | B14: ID | C14: Identify | D14: GV | E14: Governance (ID.GV): The policies, procedures, and processes to manage and monitor the organization’s regulatory, legal, risk, environmental, and operational requirements are understood and inform the management of cybersecurity risk. | F14: ID.GV-2 | G14: Cybersecurity roles and responsibilities are coordinated and aligned with internal roles and external partners | I14: GRC | K14: The CLIENT does utilize an IT/Security Partner to response to Security Incidents. However, this is not outlined in an IR Plan or codified via contract. There are no roles and responsibilities for IS Program Management or Risk Assessment defined. | L14: 2 | M14: High | N14: CIS CSC 19 | O14: A.6.1.1, A.7.2.1 | P14: PS-7, PM-1, PM-2 | Q14: 45 C.F.R. §§ 164.308(a)(1)(i), 164.308(a)(2), 164.308(a)(3), 164.308(a)(4), 164.308(b), 164.314 | S14: APO13.12
A15: 1.3.3 | B15: ID | C15: Identify | D15: GV | E15: Governance (ID.GV): The policies, procedures, and processes to manage and monitor the organization’s regulatory, legal, risk, environmental, and operational requirements are understood and inform the management of cybersecurity risk. | F15: ID.GV-3 | G15: Legal and regulatory requirements regarding cybersecurity, including privacy and civil liberties obligations, are understood and managed | H15: Compliance | I15: GRC | K15: The CLIENT does understand its HIPAA regulatory obligations and have made significant progress in recent months to enhance its understanding and compliance. However, significant obligations are note met or managed at this time. | L15: 2 | M15: High | N15: CIS CSC 19 | O15: A.18.1 | P15: -1 controls from all security control families | Q15: 45 C.F.R. §§ 164.306, 164.308, 164.310, 164.312, 164.314, 164.316 | S15: MEA03.01, MEA03.04
A16: 1.3.4 | B16: ID | C16: Identify | D16: GV | E16: Governance (ID.GV): The policies, procedures, and processes to manage and monitor the organization’s regulatory, legal, risk, environmental, and operational requirements are understood and inform the management of cybersecurity risk. | F16: ID.GV-4 | G16: Governance and risk management processes address cybersecurity risks | H16: Risk Management | I16: GRC | K16: The CLIENT does not have any formalized plan or process for risk management. It is ad-hoc and reactive in nature. | L16: 1 | M16: High | P16: SA-2, PM-3, PM-7, PM-9, PM-10, PM-11 | Q16: 45 C.F.R. §§ 164.308(a)(1), 164.308(b) | S16: DSS04.02
A17: 1.4.1 | B17: ID | C17: Identify | D17: RA | E17: Risk Assessment (ID.RA): The organization understands the cybersecurity risk to organizational operations (including mission, functions, image, or reputation), organizational assets, and individuals. | F17: ID.RA-1 | G17: Asset vulnerabilities are identified and documented | H17: Vulnerability Scanning Formal Asset List/Type | I17: Security Controls | K17: Vulnerabilities related to Microsoft OS are identified and addressed via ManageEngine. No vulnerability scanning, reporting, or documentation is present. | L17: 2 | M17: High | N17: CIS CSC 4 | O17: A.12.6.1, A.18.2.3 | P17: CA-2, CA-7, CA-8, RA-3, RA-5, SA-5, SA-11, SI-2, SI-4, SI-5 | Q17: 45 C.F.R. §§ 164.308(a)(1)(ii)(A), 164.308(a)(7)(ii)(E), 164.308(a)(8), 164.310(a)(1), 164.312(a)(1), 164.316(b)(2)(iii) | S17: APO12.01, APO12.02, APO12.03, APO12.04
A18: 1.4.2 | B18: ID | C18: Identify | D18: RA | E18: Risk Assessment (ID.RA): The organization understands the cybersecurity risk to organizational operations (including mission, functions, image, or reputation), organizational assets, and individuals. | F18: ID.RA-2 | G18: Cyber threat intelligence is received from information sharing forums and sources. | I18: Security Controls | K18: Threat intelligence is received by the CLIENT's IT partner and via a CIO peer group. There is not an intentional or sustained effort to receive alerts via supply chain or authorities. | L18: 1 | M18: Medium | N18: CIS CSC 4 | O18: A.6.1.4 | P18: SI-5, PM-15, PM-16
A19: 1.4.3 | B19: ID | C19: Identify | D19: RA | E19: Risk Assessment (ID.RA): The organization understands the cybersecurity risk to organizational operations (including mission, functions, image, or reputation), organizational assets, and individuals. | F19: ID.RA-3 | G19: Threats, both internal and external, are identified and documented | H19: Pentesting | I19: Security Controls | K19: Risk assessments have been limited in scope and performed irregularly. There is a lack of documented follow-through of any risks identified outside IT operational tickets. | L19: 1 | M19: High | N19: CIS CSC 4 | P19: RA-3, SI-5, PM-12, PM-16 | Q19: 45 C.F.R. §§ 164.308(a)(1)(ii)(A),164.308(a)(1)(ii)(D), 164.308(a)(3), 164.308(a)(4), 164.308(a)(5)(ii)(A),164.310(a)(1), 164.310(a)(2)(iii), 164.312(a)(1), 164.312(c), 164.312(e), 164.314, 164.316 | S19: APO12.01, APO12.02, APO12.03, APO12.04
A20: 1.4.4 | B20: ID | C20: Identify | D20: RA | E20: Risk Assessment (ID.RA): The organization understands the cybersecurity risk to organizational operations (including mission, functions, image, or reputation), organizational assets, and individuals. | F20: ID.RA-4 | G20: Potential business impacts and likelihoods are identified | I20: Security Controls | K20: Risks assessments have been limited in scope and performed irregularly. There is not a risk management process to assess these risks for likelihood/impact. | L20: 1 | M20: High | N20: CIS CSC 4 | P20: RA-2, RA-3, SA-14, PM-9, PM-11 | Q20: 45 C.F.R. §§ 164.308(a)(1)(i), 164.308(a)(1)(ii)(A), 164.308(a)(1)(ii)(B), 164.308(a)(6), 164.308(a)(7)(ii)(E), 164.308(a)(8), 164.316(a) | S20: DSS04.02
A21: 1.4.5 | B21: ID | C21: Identify | D21: RA | E21: Risk Assessment (ID.RA): The organization understands the cybersecurity risk to organizational operations (including mission, functions, image, or reputation), organizational assets, and individuals. | F21: ID.RA-5 | G21: Threats, vulnerabilities, likelihoods, and impacts are used to determine risk | I21: Security Controls | K21: Risks assessments have been limited in scope and performed irregularly. There is no intentional risk management facility to assess risk. | L21: 1 | M21: Medium | N21: CIS CSC 4 | O21: A.12.6.1 | P21: RA-2, RA-3, PM-16 | Q21: 45 C.F.R. §§ 164.308(a)(1)(ii)(A), 164.308(a)(1)(ii)(B), 164.308(a)(1)(ii)(D), 164.308(a)(7)(ii)(D), 164.308(a)(7)(ii)(E), 164.316(a) | S21: APO12.02
A22: 1.4.6 | B22: ID | C22: Identify | D22: RA | E22: Risk Assessment (ID.RA): The organization understands the cybersecurity risk to organizational operations (including mission, functions, image, or reputation), organizational assets, and individuals. | F22: ID.RA-6 | G22: Risk responses are identified and prioritized | I22: Security Controls | K22: There is not documentation regarding risk management. | L22: 1 | M22: High | N22: CIS CSC 4 | P22: PM-4, PM-9 | Q22: 45 C.F.R. §§ 164.308(a)(1)(ii)(B), 164.314(a)(2)(i)(C), 164.314(b)(2)(iv) | S22: APO12.05, APO13.02
A23: 1.5.1 | B23: ID | C23: Identify | D23: RM | E23: Risk Management Strategy (ID.RM): The organization’s priorities, constraints, risk tolerances, and assumptions are established and used to support operational risk decisions. | F23: ID.RM-1 | G23: Risk management processes are established, managed, and agreed to by organizational stakeholders | H23: Risk Management | I23: GRC | K23: There is no risk management process defined. | L23: 1 | M23: High | N23: CIS CSC 4 | P23: PM-9 | Q23: 45 C.F.R. § 164.308(a)(1)(ii)(B) | S23: APO12.04, APO12.05, APO13.02, BAI02.03, BAI04.02
A24: 1.5.2 | B24: ID | C24: Identify | D24: RM | E24: Risk Management Strategy (ID.RM): The organization’s priorities, constraints, risk tolerances, and assumptions are established and used to support operational risk decisions. | F24: ID.RM-2 | G24: Organizational risk tolerance is determined and clearly expressed | H24: Risk Management | I24: GRC | K24: There is no risk tolerance determined or expressed in policy or via informal understanding. | L24: 1 | M24: Medium | P24: PM-9 | Q24: 45 C.F.R. § 164.308(a)(1)(ii)(B) | S24: APO12.06
A25: 1.5.3 | B25: ID | C25: Identify | D25: RM | E25: Risk Management Strategy (ID.RM): The organization’s priorities, constraints, risk tolerances, and assumptions are established and used to support operational risk decisions. | F25: ID.RM-3 | G25: The organization’s determination of risk tolerance is informed by its role in critical infrastructure and sector specific risk analysis | H25: Risk Management | I25: GRC | K25: There is no risk tolerance determined or expressed in policy or via informal understanding. | L25: 1 | M25: Medium | P25: SA-14, PM-8, PM-9, PM-11 | Q25: 45 C.F.R. §§ 164.308(a)(1)(ii)(B), 164.308(a)(6)(ii), 164.308(a)(7)(i), 164.308(a)(7)(ii)(C),164.308(a)(7)(ii)(E), 164.310(a)(2)(i)
A26: 1.6.1 | B26: ID | C26: Identify | D26: SC | E26: Supply Chain Risk Management (ID.SC): The organization’s priorities, constraints, risk tolerances, and assumptions are established and used to support risk decisions associated with managing supply chain risk. The organization has established and implemented the processes to identify, assess and manage supply chain risks. | F26: ID.SC-1 | G26: Cyber supply chain risk management processes are identified, established, assessed, managed, and agreed to by organizational stakeholders | H26: Vendor Risk Management | I26: GRC | K26: Processes are informal at best. There is evidence that Implementation Team does consider risk of major vendors during acquisition process. | L26: 1 | M26: High | N26: CIS CSC 4 | O26: A.9.2.1, A.9.2.2, A.9.2.4, A.9.3.1, A.9.4.2, A.9.4.3 | P26: SA-9, SA-12, PM-9 | S26: DSS05.04, DSS06.03
A27: 1.6.2 | B27: ID | C27: Identify | D27: SC | E27: Supply Chain Risk Management (ID.SC): The organization’s priorities, constraints, risk tolerances, and assumptions are established and used to support risk decisions associated with managing supply chain risk. The organization has established and implemented the processes to identify, assess and manage supply chain risks. | F27: ID.SC-2 | G27: Suppliers and third party partners of information systems, components, and services are identified, prioritized, and assessed using a cyber supply chain risk assessment process | H27: Vendor Risk Management | I27: GRC | K27: There is no sustained or document SCRM process, either in implementation or ongoing review. | L27: 1 | M27: Medium | O27: A.11.1.1, A.11.1.2, A.11.1.4, A.11.1.6, A.11.2.3 | P27: RA-2, RA-3, SA-12, SA-14, SA-15, PM-9 | S27: DSS01.04, DSS05.05
A28: 1.6.3 | B28: ID | C28: Identify | D28: SC | E28: Supply Chain Risk Management (ID.SC): The organization’s priorities, constraints, risk tolerances, and assumptions are established and used to support risk decisions associated with managing supply chain risk. The organization has established and implemented the processes to identify, assess and manage supply chain risks. | F28: ID.SC-3 | G28: Contracts with suppliers and third-party partners are used to implement appropriate measures designed to meet the objectives of an organization’s cybersecurity program and Cyber Supply Chain Risk Management Plan. | H28: Vendor Risk Assessments | I28: GRC | K28: The CLIENT does use BAAs as part of vendor contracts. These BAAs do reference HIPAA security expectations. There is little evidence of contractual review as it relates to the CLIENTS cybersecurity program or controls. | L28: 2 | M28: Medium | O28: A.6.2.2, A.13.1.1, A.13.2.1 | P28: SA-9, SA-11, SA-12, PM-9 | S28: APO13.01, DSS01.04, DSS05.03
A29: 1.6.4 | B29: ID | C29: Identify | D29: SC | E29: Supply Chain Risk Management (ID.SC): The organization’s priorities, constraints, risk tolerances, and assumptions are established and used to support risk decisions associated with managing supply chain risk. The organization has established and implemented the processes to identify, assess and manage supply chain risks. | F29: ID.SC-4 | G29: Suppliers and third-party partners are routinely assessed using audits, test results, or other forms of evaluations to confirm they are meeting their contractual obligations. | H29: Attestations of Compliance | I29: GRC | K29: No ongoing vendor review process is in place. | L29: 1 | M29: Medium | O29: A.6.1.2, A.9.1.2, A.9.2.3, A.9.4.1, A.9.4.4 | P29: AU-2, AU-6, AU-12, AU-16, PS-7, SA-9, SA-12
A30: 1.6.5 | B30: ID | C30: Identify | D30: SC | E30: Supply Chain Risk Management (ID.SC): The organization’s priorities, constraints, risk tolerances, and assumptions are established and used to support risk decisions associated with managing supply chain risk. The organization has established and implemented the processes to identify, assess and manage supply chain risks. | F30: ID.SC-5 | G30: Response and recovery planning and testing are conducted with suppliers and third-party providers | I30: Data | K30: Response/Recovery Planning is part of the expectations with the CLIENT'S IT provider. However, a test has not been performed and expecations are not formalized via contracts. | L30: 2 | M30: Low | N30: CIS CSC 19, 20 | O30: A.13.1.1, A.13.1.3, A.13.2.1 | P30: CP-2, CP-4, IR-3, IR-4, IR-6, IR-8, IR-9
A31: 2.1.1 | B31: PR | C31: Protect | D31: AC | E31: Identity Management, Authentication and Access Control (PR.AC): Access to physical and logical assets and associated facilities is limited to authorized users, processes, and devices, and is managed consistent with the assessed risk of unauthorized access to authorized activities and transactions. | F31: PR.AC-1 | G31: Identities and credentials are issued, managed, verified, revoked, and audited for authorized devices, users and processes | I31: Infrastructure | K31: Strong implementation of unique users in both AD and EHR. Role based permissions are established based on Job Role. User Reviews are not defined or performed. | L31: 2 | M31: High | N31: CIS CSC 1, 5, 15, 16 | O31: A.7.2.2 | P31: AC-1, AC-2, IA-1, IA-2, IA-3, IA-4, IA-5, IA-6, IA-7, IA-8, IA-9, IA-10, IA-11 | Q31: 45 C.F.R. §§ 164.308(a)(3)(ii)(B), 164.308(a)(3)(ii)(C), 164.308(a)(4)(i), 164.308(a)(4)(ii)(B), 164.308(a)(4)(ii)(C ), 164.312(a)(2)(i), 164.312(a)(2)(ii),164.312(a)(2)(iii), 164.312(d) | S31: APO07.03, BAI05.07
A32: 2.1.2 | B32: PR | C32: Protect | D32: AC | E32: Identity Management, Authentication and Access Control (PR.AC): Access to physical and logical assets and associated facilities is limited to authorized users, processes, and devices, and is managed consistent with the assessed risk of unauthorized access to authorized activities and transactions. | F32: PR.AC-2 | G32: Physical access to assets is managed and protected | H32: Network closets, Data Centers, Security Guards | I32: Infrastructure | K32: Sensitive equipment is physically secured behind locked doors and enclosures. There is not an audit process to ensure access controls are maintained. | L32: 2 | M32: Medium | O32: A.6.1.1, A.7.2.2 | P32: PE-2, PE-3, PE-4, PE-5, PE-6, PE-8 | Q32: 45 C.F.R. §§ 164.308(a)(1)(ii)(B), 164.308(a)(7)(i), 164.308(a)(7)(ii)(A), 164.310(a)(1), 164.310(a)(2)(i), 164.310(a)(2)(ii), 164.310(a)(2)(iii), 164.310(b), 164.310(c), 164.310(d)(1), 164.310(d)(2)(iii) | S32: APO07.02, DSS06.03
A33: 2.1.3 | B33: PR | C33: Protect | D33: AC | E33: Identity Management, Authentication and Access Control (PR.AC): Access to physical and logical assets and associated facilities is limited to authorized users, processes, and devices, and is managed consistent with the assessed risk of unauthorized access to authorized activities and transactions. | F33: PR.AC-3 | G33: Remote access is managed | I33: Infrastructure | K33: Remote Access is managed via Group Membership and requires documented approval (ticket). No policy or audit protocol is present. | L33: 2 | M33: High | N33: CIS CSC 12 | O33: A.6.1.1, A.7.2.2 | P33: AC-1, AC-17, AC-19, AC-20, SC-15 | Q33: 45 C.F.R. §§ 164.308(a)(4)(i), 164.308(b)(1), 164.308(b)(3), 164.310(b), 164.312(e)(1), 164.312(e)(2)(ii) | S33: APO07.03, APO10.04, APO10.05
A34: 2.1.4 | B34: PR | C34: Protect | D34: AC | E34: Identity Management, Authentication and Access Control (PR.AC): Access to physical and logical assets and associated facilities is limited to authorized users, processes, and devices, and is managed consistent with the assessed risk of unauthorized access to authorized activities and transactions. | F34: PR.AC-4 | G34: Access permissions and authorizations are managed, incorporating the principles of least privilege and separation of duties | I34: Infrastructure | K34: RBAC is implemented via AD. Users do not have local administrator permissions. | L34: 2 | M34: Low | N34: CIS CSC 3, 5, 12, 14, 15, 16, 18 | O34: A.6.1.1, A.7.2.2, | P34: AC-1, AC-2, AC-3, AC-5, AC-6, AC-14, AC-16, AC-24 | Q34: 45 C.F.R. §§ 164.308(a)(3), 164.308(a)(4), 164.310(a)(2)(iii), 164.310(b), 164.312(a)(1), 164.312(a)(2)(i), 164.312(a)(2)(ii) | S34: APO07.03
A35: 2.1.5 | B35: PR | C35: Protect | D35: AC | E35: Identity Management, Authentication and Access Control (PR.AC): Access to physical and logical assets and associated facilities is limited to authorized users, processes, and devices, and is managed consistent with the assessed risk of unauthorized access to authorized activities and transactions. | F35: PR.AC-5 | G35: Network integrity is protected (e.g., network segregation, network segmentation) | H35: Segmentation, Guest Wi-Fi | I35: Infrastructure | K35: Network is segmented via Firewalls, VLANs, and L3 ACLs. The Data VLAN is not segmented by Servers, Telemetry, Facility. There is not policy or procedure to set expectations. | L35: 2 | M35: Low | N35: CIS CSC 9, 14, 15, 18 | O35: A.6.1.1, A.7.2.2, | P35: AC-4, AC-10, SC-7 | Q35: 45 C.F.R. §§ 164.308(a)(4)(ii)(B), 164.310(a)(1), 164.310(b), 164.312(a)(1), 164.312(b), 164.312(c), 164.312(e) | S35: APO07.03
A36: 2.1.6 | B36: PR | C36: Protect | D36: AC | E36: Identity Management, Authentication and Access Control (PR.AC): Access to physical and logical assets and associated facilities is limited to authorized users, processes, and devices, and is managed consistent with the assessed risk of unauthorized access to authorized activities and transactions. | F36: PR.AC-6 | G36: Identities are proofed and bound to credentials and asserted in interactions | H36: Unique User Accounts | I36: Infrastructure | K36: Unique user accounts are created in AD and EHR. No policy or audit protocol is present. | L36: 2 | M36: Low | N36: CIS CSC, 16 | O36: A.8.2.3 | P36: AC-1, AC-2, AC-3, AC-16, AC-19, AC-24, IA-1, IA-2, IA-4, IA-5, IA-8, PE-2, PS-3 | S36: APO01.06, BAI02.01, BAI06.01, DSS06.06
A37: 2.1.7 | B37: PR | C37: Protect | D37: AC | E37: Identity Management, Authentication and Access Control (PR.AC): Access to physical and logical assets and associated facilities is limited to authorized users, processes, and devices, and is managed consistent with the assessed risk of unauthorized access to authorized activities and transactions. | F37: PR.AC-7 | G37: Users, devices, and other assets are authenticated (e.g., single-factor, multi-factor) commensurate with the risk of the transaction (e.g., individuals’ security and privacy risks and other organizational risks) | H37: Local accounts (Sys, Net) MFA (VPN, Cloud) | I37: Infrastructure | K37: MFA is implemented in cloud, mail, vpn. Built in domain admin is disabled. Service accounts are not appropriately labeled / secured. | L37: 2 | M37: Medium | N37: CIS CSC 1, 12, 15, 16 | O37: A.8.2.3, A.13.1.1, A.13.2.1, A.13.2.3, A.14.1.2, A.14.1.3 | P37: AC-7, AC-8, AC-9, AC-11, AC-12, AC-14, IA-1, IA-2, IA-3, IA-4, IA-5, IA-8, IA-9, IA-10, IA-11 | S37: APO01.06, DSS06.06
A38: 2.2.1 | B38: PR | C38: Protect | D38: AT | E38: The organization’s personnel and partners are provided cybersecurity awareness education and are trained to perform their cybersecurity-related duties and responsibilities consistent with related policies, procedures, and agreements | F38: PR.AT-1 | G38: All users are informed and trained | H38: Security Awareness | I38: Security Controls | K38: There is a brief security training as part of onboarding and informal topics are covered in meetings on an ad-hoc basis. There is no formal security training on an ongoing basis. Including education regarding IS policy. | L38: 2 | M38: High | N38: CIS CSC 17, 18 | O38: A.8.2.3, A.8.3.1, A.8.3.2, A.8.3.3, A.11.2.7 | P38: AT-2, PM-13 | Q38: 45 C.F.R. § 164.308(a)(5) | S38: BAI09.03
A39: 2.2.2 | B39: PR | C39: Protect | D39: AT | E39: The organization’s personnel and partners are provided cybersecurity awareness education and are trained to perform their cybersecurity-related duties and responsibilities consistent with related policies, procedures, and agreements | F39: PR.AT-2 | G39: Privileged users understand their roles and responsibilities | H39: Access Controls, Admin Account Use for Daily Tasks | I39: Infrastructure | K39: Admin accounts are not used for daily tasks. Good understanding of the appropriate usage of user accounts.No policy or audit protocol is present. | L39: 2 | M39: Medium | N39: CIS CSC 5, 17, 18 | O39: A.12.3.1 | P39: AT-3, PM-13 | Q39: 5 C.F.R. §§ 164.308(a)(2), 164.308(a)(3)(i), 164.308(a)(5)(i), 164.308(a)(5)(ii)(A), 164.308(a)(5)(ii)(B), 164.308(a)(5)(ii)(C), 164.308(a)(5)(ii)(D) | S39: APO13.01
A40: 2.2.3 | B40: PR | C40: Protect | D40: AT | E40: The organization’s personnel and partners are provided cybersecurity awareness education and are trained to perform their cybersecurity-related duties and responsibilities consistent with related policies, procedures, and agreements | F40: PR.AT-3 | G40: Third-party stakeholders (e.g., suppliers, customers, partners) understand their roles and responsibilities | H40: Vendor Management | I40: Infrastructure | K40: BAAs outline third-party responsibilities. | L40: 2 | M40: Low | N40: CIS CSC 17 | O40: A.6.1.2, A.7.1.1, A.7.1.2, A.7.3.1, A.8.2.2, A.8.2.3, A.9.1.1, A.9.1.2, A.9.2.3, A.9.4.1, A.9.4.4, A.9.4.5, A.13.1.3, A.13.2.1, A.13.2.3, A.13.2.4, A.14.1.2, A.14.1.3 | P40: PS-7, SA-9, SA-16 | Q40: 45 C.F.R. §§ 164.308(b), 164.314(a)(1), 164.314(a)(2)(i), 164.314(a)(2)(ii) | S40: APO01.06
A41: 2.2.4 | B41: PR | C41: Protect | D41: AT | E41: The organization’s personnel and partners are provided cybersecurity awareness education and are trained to perform their cybersecurity-related duties and responsibilities consistent with related policies, procedures, and agreements | F41: PR.AT-4 | G41: Senior executives understand their roles and responsibilities | I41: GRC | K41: Senior executives do understand their roles and there is increasing knowledge of their responsibilities. Roles are not documented in IS policy. | L41: 2 | M41: Medium | N41: CIS CSC 17, 19 | O41: A.12.2.1, A.12.5.1, A.14.1.2, A.14.1.3 | P41: AT-3, PM-13 | Q41: 45 C.F.R. §§ 164.308(a)(2), 164.308(a)(3)(i), 164.308(a)(5)(i), 164.308(a)(5)(ii)(A),164.308(a)(5)(ii)(B), 164.308(a)(5)(ii)(C), 164.308(a)(5)(ii)(D)
A42: 2.2.5 | B42: PR | C42: Protect | D42: AT | E42: The organization’s personnel and partners are provided cybersecurity awareness education and are trained to perform their cybersecurity-related duties and responsibilities consistent with related policies, procedures, and agreements | F42: PR.AT-5 | G42: Physical and cybersecurity personnel understand their roles and responsibilities | I42: GRC | K42: Physical security responsibilities are not well understood. IT personnel understand the escalation of potential security events to management. No roles and responsibilities are defined within policy. | L42: 2 | M42: Low | N42: CIS CSC 17 | O42: A.12.1.4 | P42: AT-3, IR-2, PM-13 | Q42: 45 C.F.R. §§ 164.308(a)(2), 164.308(a)(3)(i), 164.308(a)(5)(i), 164.308(a)(5)(ii)(A), 164.308(a)(5)(ii)(B), 164.308(a)(5)(ii)(C), 164.308(a)(5)(ii)(D), 164.530(b)(1) | S42: BAI07.04
A43: 2.3.1 | B43: PR | C43: Protect | D43: DS | E43: Information and records (data) are managed consistent with the organization’s risk strategy to protect the confidentiality, integrity, and availability of information. | F43: PR.DS-1 | G43: Data-at-rest is protected | H43: Laptop Encryption Mobile Device Management | I43: Data | K43: Laptops are encrypted via Bitlocker. 365 enforces encryption for mailbox access. Desktops are note encrypted. No policy or audit protocol is present. | L43: 2 | M43: High | N43: CIS CSC 13, 14 | O43: A.12.1.2, A.12.5.1, A.12.6.2, A.14.2.2, A.14.2.3, A.14.2.4 | P43: MP-8, SC-12, SC-28 | Q43: 45 C.F.R. §§ 164.308(a)(1)(ii)(D), 164.308(b)(1), 164.310(d), 164.312(a)(1), 164.312(a)(2)(iii), 164.312(a)(2)(iv), 164.312(b), 164.312(c), 164.314(b)(2)(i), 164.312(d) | S43: BAI10.01, BAI10.02, BAI10.03, BAI10.05
A44: 2.3.2 | B44: PR | C44: Protect | D44: DS | E44: Information and records (data) are managed consistent with the organization’s risk strategy to protect the confidentiality, integrity, and availability of information. | F44: PR.DS-2 | G44: Data-in-transit is protected | H44: TLS on Public Facing Systems, SSH (SFTP) Email Encryption | I44: Data | K44: Encrytion is configured for data-in-transit, especially via public networks. Certificates for VPN (Checkpoint), 365 TLS and encrypted email. Telnet is used internally. No policy or audit protocol is present. | L44: 2 | M44: Low | N44: CIS CSC 13, 14 | O44: A.6.1.5, A.14.1.1, A.14.2.1, A.14.2.5 | P44: SC-8, SC-11, SC-12 | Q44: 45 C.F.R. §§ 164.308(b)(1), 164.308(b)(2), 164.312(e)(1), 164.312(e)(2)(i), 164.312(e)(2)(ii), 164.314(b)(2)(i) | S44: APO13.01
A45: 2.3.3 | B45: PR | C45: Protect | D45: DS | E45: Information and records (data) are managed consistent with the organization’s risk strategy to protect the confidentiality, integrity, and availability of information. | F45: PR.DS-3 | G45: Assets are formally managed throughout removal, transfers, and disposition | I45: Data | K45: Assets are physically secured and disposition is performed by certified vendor. Certificates of "Recycling" are received and saved via email. No policy or audit protocol is present. | L45: 3 | M45: Low | N45: CIS CSC 1 | O45: A.12.1.2, A.12.5.1, A.12.6.2, A.14.2.2, A.14.2.3, A.14.2.4 | P45: CM-8, MP-6, PE-16 | Q45: 45 C.F.R. §§ 164.308(a)(1)(ii)(A), 164.310(a)(2)(ii), 164.310(a)(2)(iii), 164.310(a)(2)(iv), 164.310(d)(1), 164.310(d)(2) | S45: BAI06.01, BAI01.06
A46: 2.3.4 | B46: PR | C46: Protect | D46: DS | E46: Information and records (data) are managed consistent with the organization’s risk strategy to protect the confidentiality, integrity, and availability of information. | F46: PR.DS-4 | G46: Adequate capacity to ensure availability is maintained | I46: Data | K46: Capacity reporting is performed via ManageEngine and NAS automated reports. No policy or audit protocol is present. | L46: 2 | M46: Low | N46: CIS CSC 1, 2, 13 | O46: A.12.3.1, A.17.1.2A.17.1.3, A.18.1.3 | P46: AU-4, CP-2, SC-5 | Q46: 45 C.F.R. §§ 164.308(a)(1)(ii)(A), 164.308(a)(1)(ii)(B), 164.308(a)(7), 164.310(a)(2)(i), 164.310(d)(2)(iv), 164.312(a)(2)(ii) | S46: APO13.01
A47: 2.3.5 | B47: PR | C47: Protect | D47: DS | E47: Information and records (data) are managed consistent with the organization’s risk strategy to protect the confidentiality, integrity, and availability of information. | F47: PR.DS-5 | G47: Protections against data leaks are implemented | H47: DLP M365 | I47: Security Controls | K47: 365 DLP solution is in place to scan emails for PHI content. If found the user and IT are notified. | L47: 2 | M47: Medium | N47: CIS CSC 13 | O47: A.11.1.4, A.11.2.1, A.11.2.2, A.11.2.3 | P47: AC-4, AC-5, AC-6, PE-19, PS-3, PS-6, SC-7, SC-8, SC-13, SC-31, SI-4 | Q47: 45 C.F.R. §§ 164.308(a)(1)(ii)(D), 164.308(a)(3), 164.308(a)(4), 164.310(b), 164.310(c), 164.312(a), 164.312(e) | S47: DSS01.04, DSS05.05
A48: 2.3.6 | B48: PR | C48: Protect | D48: DS | E48: Information and records (data) are managed consistent with the organization’s risk strategy to protect the confidentiality, integrity, and availability of information. | F48: PR.DS-6 | G48: Integrity checking mechanisms are used to verify software, firmware, and information integrity | H48: AV EDR FIM | I48: Security Controls | K48: Windows Defender is the primary software verification software. It is not monitored, and No policy or audit protocol is present. | L48: 2 | M48: High | N48: CIS CSC 2, 3 | O48: A.8.2.3, A.8.3.1, A.8.3.2, A.11.2.7 | P48: SC-16, SI-7 | Q48: 45 C.F.R. §§ 164.308(a)(1)(ii)(D), 164.312(b), 164.312(c)(1), 164.312(c)(2), 164.312(e)(2)(i) | S48: BAI09.03
A49: 2.3.7 | B49: PR | C49: Protect | D49: DS | E49: Information and records (data) are managed consistent with the organization’s risk strategy to protect the confidentiality, integrity, and availability of information. | F49: PR.DS-7 | G49: The development and testing environment(s) are separate from the production environment | I49: Infrastructure | K49: The environments are not seperated but testing is performed on low-priority virtual servers to ensure compatability. | L49: 2 | M49: Low | N49: CIS CSC 18, 20 | P49: CM-2 | Q49: 45 C.F.R. § 164.308(a)(4)4 | S49: APO11.06, DSS04.05
A50: 2.3.8 | B50: PR | C50: Protect | D50: DS | E50: Information and records (data) are managed consistent with the organization’s risk strategy to protect the confidentiality, integrity, and availability of information. | F50: PR.DS-8 | G50: Integrity checking mechanisms are used to verify hardware integrity | H50: AV/EDR (USB Detection), Tamper Resistant | I50: Infrastructure | K50: No monitoring is currently established to look for "case open" or unrecognized USBs. | L50: 1 | M50: Low | O50: A.16.1.6 | P50: SA-10, SI-7
A51: 2.4.01 | B51: PR | C51: Protect | D51: IP | E51: Security policies (that address purpose, scope, roles, responsibilities, management commitment, and coordination among organizational entities), processes, and procedures are maintained and used to manage protection of information systems and assets. | F51: PR.IP-1 | G51: A baseline configuration of information technology/industrial control systems is created and maintained incorporating security principles (e.g. concept of least functionality) | H51: Standard Image, System Checklist | I51: Infrastructure | K51: A configuration checklistis used to deploy computers that includes security hardening items. No policy or audit protocol is present. | L51: 2 | M51: Medium | N51: CIS CSC 3, 9, 11 | O51: A.16.1.1, A.17.1.1, A.17.1.2 | P51: CM-2, CM-3, CM-4, CM-5, CM-6, CM-7, CM-9, SA-10 | Q51: 45 C.F.R. §§ 164.308(a)(8), 164.308(a)(7)(i), 164.308(a)(7)(ii) | S51: DSS04.03
A52: 2.4.02 | B52: PR | C52: Protect | D52: IP | E52: Security policies (that address purpose, scope, roles, responsibilities, management commitment, and coordination among organizational entities), processes, and procedures are maintained and used to manage protection of information systems and assets. | F52: PR.IP-2 | G52: A System Development Life Cycle to manage systems is implemented | I52: Infrastructure | K52: A preference and static budget item is present to handle system replacement. No formal life-cycle plan is established. | L52: 2 | M52: Low | N52: CIS CSC 18 | O52: A.17.1.3 | P52: PL-8, SA-3, SA-4, SA-8, SA-10, SA-11, SA-12, SA-15, SA-17, SI-12, SI-13, SI-14, SI-16, SI-17 | Q52: 45 C.F.R. § 164.308(a)(1)(i)
A53: 2.4.03 | B53: PR | C53: Protect | D53: IP | E53: Security policies (that address purpose, scope, roles, responsibilities, management commitment, and coordination among organizational entities), processes, and procedures are maintained and used to manage protection of information systems and assets. | F53: PR.IP-3 | G53: Configuration change control processes are in place | H53: Change Management | I53: Infrastructure | K53: Change control processes are in place and documented via ticket. Approvals are done informally. No policy or audit protocol is present. | L53: 2 | M53: Low | N53: CIS CSC 3, 11 | O53: A.7.1.1, A.7.3.1, A.8.1.4 | P53: CM-3, CM-4, SA-10 | Q53: 45 C.F.R. § 164.308(a)(8) | S53: APO07.01, APO07.02, APO07.03, APO07.04, APO07.05
A54: 2.4.04 | B54: PR | C54: Protect | D54: IP | E54: Security policies (that address purpose, scope, roles, responsibilities, management commitment, and coordination among organizational entities), processes, and procedures are maintained and used to manage protection of information systems and assets. | F54: PR.IP-4 | G54: Backups of information are conducted, maintained, and tested | I54: Data | K54: Backups are routinely performed, with some critical servers replicated offsite. Failure and Success Notifications are sent via email. No testing, policy, or audit protocol is present. | L54: 2 | M54: Medium | N54: CIS CSC 10 | O54: A.12.6.1, A.18.2.2 | P54: CP-4, CP-6, CP-9 | Q54: 45 C.F.R. §§ 164.308(a)(7)(ii)(A), 164.308(a)(7)(ii)(B), 164.308(a)(7)(ii)(D), 164.310(a)(2)(i), 164.310(d)(2)(iv)
A55: 2.4.05 | B55: PR | C55: Protect | D55: IP | E55: Security policies (that address purpose, scope, roles, responsibilities, management commitment, and coordination among organizational entities), processes, and procedures are maintained and used to manage protection of information systems and assets. | F55: PR.IP-5 | G55: Policy and regulations regarding the physical operating environment for organizational assets are met | I55: GRC | K55: Physical security/compliance is performed but there is No policy or audit protocol is present. | L55: 2 | M55: Low | O55: A.11.1.2, A.11.2.4, A.11.2.5 | P55: PE-10, PE-12, PE-13, PE-14, PE-15, PE-18 | Q55: 45 C.F.R. §§ 164.308(a)(7)(i), 164.308(a)(7)(ii)(C), 164.310, 164.316(b)(2)(iii) | S55: BAI09.03
A56: 2.4.06 | B56: PR | C56: Protect | D56: IP | E56: Security policies (that address purpose, scope, roles, responsibilities, management commitment, and coordination among organizational entities), processes, and procedures are maintained and used to manage protection of information systems and assets. | F56: PR.IP-6 | G56: Data is destroyed according to policy | I56: Data | K56: Disposition practice with vendor seems appropriate. Retention processes are informed by regulations. No policy or audit protocol is present. No structured purge process. | L56: 2 | M56: High | O56: A.11.2.4, A.15.1.1, A.15.2.1 | P56: MP-6 | Q56: 45 C.F.R. §§ 164.310(d)(2)(i), 164.310(d)(2)(ii) | S56: DSS05.04
A57: 2.4.07 | B57: PR | C57: Protect | D57: IP | E57: Security policies (that address purpose, scope, roles, responsibilities, management commitment, and coordination among organizational entities), processes, and procedures are maintained and used to manage protection of information systems and assets. | F57: PR.IP-7 | G57: Protection processes are improved | I57: Security Controls | K57: Client is migrating to new EPP solution (Checkpoint). Changes to protection based on detections and best practices are expected by the CLIENT'S IT provider. No audit protocol is in place. | L57: 2 | M57: Medium | O57: A.12.4.1, A.12.4.2, A.12.4.3, A.12.4.4, A.12.7.1 | P57: CA-2, CA-7, CP-2, IR-8, PL-2, PM-6 | Q57: 45 C.F.R. §§ 164.306(e), 164.308(a)(7)(ii)(D), 164.308(a)(8), 164.316(b)(2)(iii) | S57: APO11.04
A58: 2.4.08 | B58: PR | C58: Protect | D58: IP | E58: Security policies (that address purpose, scope, roles, responsibilities, management commitment, and coordination among organizational entities), processes, and procedures are maintained and used to manage protection of information systems and assets. | F58: PR.IP-8 | G58: Effectiveness of protection technologies is shared | I58: Security Controls | K58: Client is migrating to new EPP solution (Checkpoint). No reporting or audit protocol is in place. | L58: 1 | M58: Medium | O58: A.8.2.2, A.8.2.3, A.8.3.1, A.8.3.3, A.11.2.9 | P58: AC-21, CA-7, SI-4 | Q58: 45 C.F.R. § 164.308(a)(6)(ii) | S58: DSS05.02, APO13.01
A59: 2.4.09 | B59: PR | C59: Protect | D59: IP | E59: Security policies (that address purpose, scope, roles, responsibilities, management commitment, and coordination among organizational entities), processes, and procedures are maintained and used to manage protection of information systems and assets. | F59: PR.IP-9 | G59: Response plans (Incident Response and Business Continuity) and recovery plans (Incident Recovery and Disaster Recovery) are in place and managed | I59: GRC | K59: No plans are in place or managed. | L59: 1 | M59: High | N59: CIS CSC 19 | O59: A.9.1.2 | P59: CP-2, CP-7, CP-12, CP-13, IR-7, IR-8, IR-9, PE-17 | Q59: 45 C.F.R. §§ 164.308(a)(6), 164.308(a)(7), 164.310(a)(2)(i), 164.312(a)(2)(ii) | S59: DSS05.02
A60: 2.4.10 | B60: PR | C60: Protect | D60: IP | E60: Security policies (that address purpose, scope, roles, responsibilities, management commitment, and coordination among organizational entities), processes, and procedures are maintained and used to manage protection of information systems and assets. | F60: PR.IP-10 | G60: Response and recovery plans are tested | I60: Data | K60: Partial data restore tests are performed on an ad-hoc basis. No formal testing routine is defined or executed. | L60: 1 | M60: High | N60: CIS CSC 19, 20 | O60: A.13.1.1, A.13.2.1 | P60: CP-4, IR-3, PM-14 | Q60: 45 C.F.R. § 164.308(a)(7)(ii)(D) | S60: DSS05.02, APO13.01
A61: 2.4.11 | B61: PR | C61: Protect | D61: IP | E61: Security policies (that address purpose, scope, roles, responsibilities, management commitment, and coordination among organizational entities), processes, and procedures are maintained and used to manage protection of information systems and assets. | F61: PR.IP-11 | G61: Cybersecurity is included in human resources practices (e.g., deprovisioning, personnel screening) | H61: Background Checks | I61: GRC | K61: Employee background checks are conducted. Strong collabration between IT and HR on provisioning, voluntary termination, and involuntary termination. No policy or audit protocol is present. | L61: 2 | M61: Low | N61: CIS CSC 5, 16 | P61: PS-1, PS-2, PS-3, PS-4, PS-5, PS-6, PS-7, PS-8, SA-21 | Q61: 45 C.F.R. §§ 164.308(a)(1)(ii)(C), 164.308(a)(3) | S61: DSS03.01
A62: 2.4.12 | B62: PR | C62: Protect | D62: IP | E62: Security policies (that address purpose, scope, roles, responsibilities, management commitment, and coordination among organizational entities), processes, and procedures are maintained and used to manage protection of information systems and assets. | F62: PR.IP-12 | G62: A vulnerability management plan is developed and implemented | I62: Security Controls | K62: Microsoft patch management is routinely executed. Reporting is available via ManageEngine and is reviewed on an ad-hoc basis. A comprehensive vulnerability management program is not in place. No policy or audit protocol is present. | L62: 2 | M62: High | N62: CIS CSC 4, 18, 20 | O62: A.16.1.1, A.16.1.4 | P62: RA-3, RA-5, SI-2 | Q62: 45 C.F.R. §§ 164.308(a)(1)(i), 164.308(a)(1)(ii)(A), 164.308(a)(1)(ii)(B)
A63: 2.5.1 | B63: PR | C63: Protect | D63: MA | E63: Maintenance and repairs of industrial control and information system components areperformed consistent with policies and procedures. | F63: PR.MA-1 | G63: Maintenance and repair of organizational assets are performed and logged, with approved and controlled tools | H63: Visitor Policy | I63: Infrastructure | K63: Maintenance visits may be tracked via ticket or sign-in sheet but there is low confidence in its consistent execution. No policy or audit protocol is present. | L63: 2 | M63: Low | P63: MA-2, MA-3, MA-5, MA-6 | Q63: 45 C.F.R. §§ 164.308(a)(3)(ii)(A), 164.310(a)(2)(iv)
A64: 2.5.2 | B64: PR | C64: Protect | D64: MA | E64: Maintenance and repairs of industrial control and information system components areperformed consistent with policies and procedures. | F64: PR.MA-2 | G64: Remote maintenance of organizational assets is approved, logged, and performed in a manner that prevents unauthorized access | H64: SSH, RDP | I64: Infrastructure | K64: Remote Maintenance is performed via VPN/ScreenConnect. Activity is logged but retention is not known. No policy or audit protocol is present. | L64: 2 | M64: Medium | N64: CIS CSC 3, 5 | P64: MA-4 | Q64: 45 C.F.R. §§ 164.308(a)(3)(ii)(A), 164.310(d)(1),164.310(d)(2)(ii), 164.310(d)(2)(iii), 164.312(a), 164.312(a)(2)(ii), 164.312(a)(2)(iv), 164.312(b), 164.312(d), 164.312(e), 164.308(a)(1)(ii)(D) | S64: APO12.06
A65: 2.6.1 | B65: PR | C65: Protect | D65: PT | E65: Technical security solutions are managed to ensure the security and resilience of systems and assets, consistent with related policies, procedures, and agreements. | F65: PR.PT-1 | G65: Audit/log records are determined, documented, implemented, and reviewed in accordance with policy | I65: Infrastructure | K65: Audit logs are largely left to default settings. PRTG does log syslog and retain for 30. No policy, determination process, or audit protocol is present. | L65: 1 | M65: High | N65: CIS CSC 1, 3, 5, 6, 14, 15, 16 | P65: AU Family | Q65: 45 C.F.R. §§ 164.308(a)(1)(ii)(D), 164.308(a)(5)(ii)(C), 164.310(a)(2)(iv), 164.310(d)(2)(iii), 164.312(b) | S65: APO12.06
A66: 2.6.2 | B66: PR | C66: Protect | D66: PT | E66: Technical security solutions are managed to ensure the security and resilience of systems and assets, consistent with related policies, procedures, and agreements. | F66: PR.PT-2 | G66: Removable media is protected and its use restricted according to policy | I66: Infrastructure | K66: Removable Media controls/standards have not been considered or implemented. No policy or audit protocol is present. | L66: 1 | M66: High | N66: CIS CSC 8, 13 | P66: MP-2, MP-3, MP-4, MP-5, MP-7, MP-8 | Q66: 45 C.F.R. §§ 164.308(a)(3)(i), 164.308(a)(3)(ii)(A), 164.310(d)(1), 164.310(d)(2), 164.312(a)(1), 164.312(a)(2)(iv), 164.312(b) | S66: DSS05.07
A67: 2.6.3 | B67: PR | C67: Protect | D67: PT | E67: Technical security solutions are managed to ensure the security and resilience of systems and assets, consistent with related policies, procedures, and agreements. | F67: PR.PT-3 | G67: The principle of least functionality is incorporated by configuring systems to provide only essential capabilities | H67: Local Admin Privileges | I67: Infrastructure | K67: Most users do not have local admin permissions. Exceptions were noted but not documented. System hardening would be done via config checklist. No policy or audit protocol is present. | L67: 2 | M67: Medium | N67: CIS CSC 3, 11, 14 | P67: AC-3, CM-7 | Q67: 45 C.F.R. §§ 164.308(a)(3), 164.308(a)(4), 164.310(a)(2)(iii), 164.310(b), 164.310(c), 164.312(a)(1), 164.312(a)(2)(i), 164.312(a)(2)(ii), 164.312(a)(2)(iv)
A68: 2.6.4 | B68: PR | C68: Protect | D68: PT | E68: Technical security solutions are managed to ensure the security and resilience of systems and assets, consistent with related policies, procedures, and agreements. | F68: PR.PT-4 | G68: Communications and control networks are protected | H68: NGFW | I68: Infrastructure | K68: NextGen FW, VPN concentrators, VPN tunnels, and Gateway AV/IDS are implemented. | L68: 2 | M68: Low | N68: CIS CSC 8, 12, 15 | O68: A.12.4.1 | P68: AC-4, AC-17, AC-18, CP-8, SC-7, SC-19, SC-20, SC-21, SC-22, SC-23, SC-24, SC-25, SC-29, SC-32, SC-36, SC-37, SC-38, SC-39, SC-40, SC-41, SC-43 | Q68: 45 C.F.R. §§ 164.308(a)(1)(ii)(D), 164.312(a)(1), 164.312(b), 164.312(e)
A69: 2.6.5 | B69: PR | C69: Protect | D69: PT | E69: Technical security solutions are managed to ensure the security and resilience of systems and assets, consistent with related policies, procedures, and agreements. | F69: PR.PT-5 | G69: Mechanisms (e.g., failsafe, load balancing, hot swap) are implemented to achieve resilience requirements in normal and adverse situations | I69: Data | K69: The virtual infrastructure does have failover capacity available. Resilence requirements are not defined. | L69: 2 | M69: Low | O69: A.12.2.1 | P69: CP-7, CP-8, CP-11, CP-13, PL-8, SA-14, SC-6 | S69: DSS05.01
A70: 3.1.1 | B70: DE | C70: Detect | D70: AE | E70: Anomalies and Events (DE.AE): Anomalous activity is detected and the potential impact of events is understood. | F70: DE.AE-1 | G70: A baseline of network operations and expected data flows for users and systems is established and managed | H70: Monitoring solution NGFW Microsoft 365 | I70: Security Controls | K70: PRTG does show reporting on traffic/utilization, however alerting is limited to up/down. 365 does alert on unusual file deletion. | L70: 2 | M70: Medium | N70: CIS CSC 1, 4, 6, 12, 13, 15, 16 | O70: A.12.5.1 | P70: AC-4, CA-3, CM-2, SI-4 | Q70: 45 C.F.R. §§164.308(a)(1)(ii)(D), 164.312(b)
A71: 3.1.2 | B71: DE | C71: Detect | D71: AE | E71: Anomalies and Events (DE.AE): Anomalous activity is detected and the potential impact of events is understood. | F71: DE.AE-2 | G71: Detected events are analyzed to understand attack targets and methods | H71: AV NGFW Microsoft 365 | I71: Security Controls | K71: Alerting is limited to Account Lockouts and 365 alerts. Alerts are sent primarily via email. IT staff routinely investigates. Key alerts are absent, documentation is inconsistent, no policy or audit protocol is present. | L71: 2 | M71: High | N71: CIS CSC 3, 6, 13, 15 | O71: A.14.2.7, A.15.2.1 | P71: AU-6, CA-7, IR-4, SI-4 | Q71: 45 C.F.R. §164.308(6)(i) | S71: APO07.06
A72: 3.1.3 | B72: DE | C72: Detect | D72: AE | E72: Anomalies and Events (DE.AE): Anomalous activity is detected and the potential impact of events is understood. | F72: DE.AE-3 | G72: Event data are collected and correlated from multiple sources and sensors | H72: SIEM | I72: Security Controls | K72: Manual correlation may occur but it is not systematically collected and correlated. | L72: 1 | M72: High | N72: CIS CSC 1, 3, 4, 5, 6, 7, 8, 11, 12, 13, 14, 15, 16 | P72: AU-6, CA-7, IR-4, IR-5, IR-8, SI-4 | Q72: 45 C.F.R. §§ 164.308(a)(1)(ii)(D), 164.308(a)(5)(ii)(B), 164.308(a)(5)(ii)(C), 164.308(a)(6)(ii), 164.308(a)(8), 164.310(d)(2)(iii), 164.312(b), 164.314(a)(2)(i)(C), 164.314(a)(2)(iii)
A73: 3.1.4 | B73: DE | C73: Detect | D73: AE | E73: Anomalies and Events (DE.AE): Anomalous activity is detected and the potential impact of events is understood. | F73: DE.AE-4 | G73: Impact of events is determined | H73: SIEM/SOC | I73: Security Controls | K73: The impact of an event would be part of the IT investigation or escalated to their IT/Security vendor for further investigation. | L73: 2 | M73: Low | N73: CIS CSC 4, 6 | O73: A.12.6.1 | P73: CP-2, IR-4, RA-3, SI-4 | Q73: 45 C.F.R. § 164.308(a)(6)(ii) | S73: BAI03.10
A74: 3.1.5 | B74: DE | C74: Detect | D74: AE | E74: Anomalies and Events (DE.AE): Anomalous activity is detected and the potential impact of events is understood. | F74: DE.AE-5 | G74: Incident alert thresholds are established | H74: SIEM | I74: Security Controls | K74: Alert thresholds are established but very limited (Account Lockouts). | L74: 1 | M74: High | N74: CIS CSC 6, 19 | O74: A.6.1.1 | P74: IR-4, IR-5, IR-8 | Q74: 45 C.F.R. § 164.308(a)(6)(i) | S74: DSS05.01
A75: 3.2.1 | B75: DE | C75: Detect | D75: CM | E75: Security Continuous Monitoring (DE.CM): The information system and assets are monitored to identify cybersecurity events and verify the effectiveness of protective measures. | F75: DE.CM-1 | G75: The network is monitored to detect potential cybersecurity events | H75: NGFW SIEM/SOC | I75: Security Controls | K75: Monitoring is very limited. Account lockouts and UPS login alerts were identified. | L75: 1 | M75: Low | N75: CIS CSC 1, 7, 8, 12, 13, 15, 16 | O75: A.18.1.4 | P75: AC-2, AU-12, CA-7, CM-3, SC-5, SC-7, SI-4 | Q75: 45 C.F.R. §§ 164.308(a)(1)(ii)(D), 164.308(a)(5)(ii)(B), 164.308(a)(5)(ii)(C), 164.308(a)(8), 164.312(b), 164.312(e)(2)(i)
A76: 3.2.2 | B76: DE | C76: Detect | D76: CM | E76: Security Continuous Monitoring (DE.CM): The information system and assets are monitored to identify cybersecurity events and verify the effectiveness of protective measures. | F76: DE.CM-2 | G76: The physical environment is monitored to detect potential cybersecurity events | H76: Surveillance Alarm Systems | I76: Infrastructure | K76: Surveillance and alarm systems are in place. | L76: 2 | M76: Low | O76: A.14.2.8 | P76: CA-7, PE-3, PE-6, PE-20 | Q76: 45 C.F.R. §§ 164.310(a)(2)(ii), 164.310(a)(2)(iii) | S76: APO13.02
A77: 3.2.3 | B77: DE | C77: Detect | D77: CM | E77: Security Continuous Monitoring (DE.CM): The information system and assets are monitored to identify cybersecurity events and verify the effectiveness of protective measures. | F77: DE.CM-3 | G77: Personnel activity is monitored to detect potential cybersecurity events | H77: Microsoft 365 | I77: Security Controls | K77: Some alerting is enabled via 365. No broader risk informed plan for alerting is present. | L77: 2 | M77: High | N77: CIS CSC 5, 7, 14, 16 | O77: A.16.1.2 | P77: AC-2, AU-12, AU-13, CA-7, CM-10, CM-11 | Q77: 45 C.F.R. §§ 164.308(a)(1)(ii)(D), 164.308(a)(3)(ii)(A),164.308(a)(5)(ii)(C), 164.312(a)(2)(i), 164.312(b), 164.312(d), 164.312(e) | S77: APO12.06
A78: 3.2.4 | B78: DE | C78: Detect | D78: CM | E78: Security Continuous Monitoring (DE.CM): The information system and assets are monitored to identify cybersecurity events and verify the effectiveness of protective measures. | F78: DE.CM-4 | G78: Malicious code is detected | H78: AV/EDR, MDR | I78: Security Controls | K78: Malicious code is checked at NGFW and EPP. However, alerting and detection is not being used. | L78: 2 | M78: High | N78: CIS CSC 4, 7, 8, 12 | O78: A.16.1.6 | P78: SI-3, SI-8 | Q78: 45 C.F.R. §§ 164.308(a)(1)(ii)(D), 164.308(a)(5)(ii)(B) | S78: APO11.06, DSS04.05
A79: 3.2.5 | B79: DE | C79: Detect | D79: CM | E79: Security Continuous Monitoring (DE.CM): The information system and assets are monitored to identify cybersecurity events and verify the effectiveness of protective measures. | F79: DE.CM-5 | G79: Unauthorized mobile code is detected | H79: AV coverage over malicious code from external sources such as USB | I79: Security Controls | K79: EPP (Defender) does scan for malicious code on USB devices. | L79: 2 | M79: Low | N79: CIS CSC 7, 8 | O79: A.16.1.5 | P79: SC-18, SI-4, SC-44 | Q79: 45 C.F.R. §§ 164.308(a)(1)(ii)(D), 164.308(a)(5)(ii)(B) | S79: BAI01.10
A80: 3.2.6 | B80: DE | C80: Detect | D80: CM | E80: Security Continuous Monitoring (DE.CM): The information system and assets are monitored to identify cybersecurity events and verify the effectiveness of protective measures. | F80: DE.CM-6 | G80: External service provider activity is monitored to detect potential cybersecurity events | H80: SIEM/SOC i.e. Printer Support, cameras, Edafio | I80: Security Controls | K80: External provider activity is not monitored or reviewed. | L80: 1 | M80: Medium | O80: A.6.1.1, A.16.1.1 | P80: CA-7, PS-7, SA-4, SA-9, SI-4 | Q80: 45 C.F.R. § 164.308(a)(1)(ii)(D)
A81: 3.2.7 | B81: DE | C81: Detect | D81: CM | E81: Security Continuous Monitoring (DE.CM): The information system and assets are monitored to identify cybersecurity events and verify the effectiveness of protective measures. | F81: DE.CM-7 | G81: Monitoring for unauthorized personnel, connections, devices, and software is performed | I81: Security Controls | K81: Unused ports are disabled. No alerts for unknown devices or software is in place. | L81: 1 | M81: High | N81: CIS CSC 1, 2, 3, 5, 9, 12, 13, 15, 16 | O81: A.6.1.3, A.16.1.2 | P81: AU-12, CA-7, CM-3, CM-8, PE-3, PE-6, PE-20, SI-4 | Q81: 45 C.F.R. §§ 164.308(a)(1)(ii)(D), 164.308(a)(5)(ii)(B), 164.308(a)(5)(ii)(C), 164.310(a)(1), 164.310(a)(2)(ii), 164.310(a)(2)(iii), 164.310(b), 164.310(c), 164.310(d)(1), 164.310(d)(2)(iii), 164.312(b), 164.314(b)(2)(i)
A82: 3.2.8 | B82: DE | C82: Detect | D82: CM | E82: Security Continuous Monitoring (DE.CM): The information system and assets are monitored to identify cybersecurity events and verify the effectiveness of protective measures. | F82: DE.CM-8 | G82: Vulnerability scans are performed | H82: Internal External | I82: Security Controls | K82: No. | L82: 1 | M82: High | N82: CIS CSC 4, 20 | O82: A.16.1.2 | P82: RA-5 | Q82: 45 C.F.R. §§164.308(a)(1)(i), 164.308(a)(8)
A83: 3.3.1 | B83: DE | C83: Detect | D83: DP | E83: Detection Processes (DE.DP): Detection processes and procedures are maintained and tested to ensure awareness of anomalous events. | F83: DE.DP-1 | G83: Roles and responsibilities for detection are well defined to ensure accountability | I83: GRC | K83: Understood as part of typical IT investigation processes but not defined. Lack of documentation would make review and accountability challenging. No policy or audit protocol is present. | L83: 2 | M83: Low | N83: CIS CSC 19 | P83: CA-2, CA-7, PM-14 | Q83: 45 C.F.R. §§ 164.308(a)(2), 164.308(a)(3)(ii)(A), 164.308(a)(3)(ii)(B), 164.308(a)(4), 164.310(a)(2)(iii), 164.312(a)(1), 164.312(a)(2)(ii)
A84: 3.3.2 | B84: DE | C84: Detect | D84: DP | E84: Detection Processes (DE.DP): Detection processes and procedures are maintained and tested to ensure awareness of anomalous events. | F84: DE.DP-2 | G84: Detection activities comply with all applicable requirements | I84: GRC | K84: No. There are specific regulatory requirements that are not met as part of detection activities. | L84: 1 | M84: High | P84: AC-25, CA-2, CA-7, SA-18, SI-4, PM-14 | Q84: 45 C.F.R. §§ 164.308(a)(1)(i), 164.308(a)(8)
A85: 3.3.3 | B85: DE | C85: Detect | D85: DP | E85: Detection Processes (DE.DP): Detection processes and procedures are maintained and tested to ensure awareness of anomalous events. | F85: DE.DP-3 | G85: Detection processes are tested | H85: Simulated phishing test | I85: Security Controls | K85: No detection processes are tested beyond the intial configuraiton of alerting. | L85: 1 | M85: Low | O85: A.12.4.1, A.12.4.3, A.16.1.5 | P85: CA-2, CA-7, PE-3, SI-3, SI-4, PM-14 | Q85: 45 C.F.R. § 164.306(e) | S85: DSS02.07
A86: 3.3.4 | B86: DE | C86: Detect | D86: DP | E86: Detection Processes (DE.DP): Detection processes and procedures are maintained and tested to ensure awareness of anomalous events. | F86: DE.DP-4 | G86: Event detection information is communicated | I86: Security Controls | K86: If an event is detected and reported it is communicated. No policy or audit protocol is present. | L86: 1 | M86: High | N86: CIS CSC 19 | O86: A.16.1.6 | P86: AU-6, CA-2, CA-7, RA-5, SI-4 | Q86: 45 C.F.R. §§ 164.308(a)(6)(ii), 164.314(a)(2)(i)(C), 164.314(a)(2)(iii)
A87: 3.3.5 | B87: DE | C87: Detect | D87: DP | E87: Detection Processes (DE.DP): Detection processes and procedures are maintained and tested to ensure awareness of anomalous events. | F87: DE.DP-5 | G87: Detection processes are continuously improved | I87: Security Controls | K87: As of the time of assessment detection processes are not routinely improved. However, the client's pending migraiton to a new EPP is evidence of increasing detection. | L87: 2 | M87: Low | O87: A.16.1.7 | P87: , CA-2, CA-7, PL-2, RA-5, SI-4, PM-14 | Q87: 45 C.F.R. §§ 164.306(e), 164.308(a)(8)
A88: 4.1.1 | B88: RS | C88: Respond | D88: RP | E88: Response Planning (RS.RP): Response processes and procedures are executed and maintained, to ensure response to detected cybersecurity incidents. | F88: RS.RP-1 | G88: Response plan is executed during or after an incident | I88: Security Controls | K88: There is not IR plan. An informal process that involves, and relies heavily upon the CLIENT's IT vendor is in place. | L88: 2 | M88: Medium | N88: CIS CSC 19 | O88: A.16.1.4 | P88: CP-2, CP-10, IR-4, IR-8 | Q88: 45 C.F.R. §§ 164.308(a)(6)(ii), 164.308(a)(7)(i), 164.308(a)(7)(ii)(A), 164.308(a)(7)(ii)(B), 164.308(a)(7)(ii)(C), 164.310(a)(2)(i), 164.312(a)(2)(ii)
A89: 4.2.1 | B89: RS | C89: Respond | D89: CO | E89: Communications (RS.CO): Response activities are coordinated with internal and external stakeholders (e.g. external support from law enforcement agencies). | F89: RS.CO-1 | G89: Personnel know their roles and order of operations when a response is needed | I89: Security Controls | K89: There is informal understanding of involving the CLIENT's IT/Security partner. There is no IR plan, playbook, or thresholds. | L89: 2 | M89: Medium | N89: CIS CSC 19 | O89: A.16.1.5 | P89: CP-2, CP-3, IR-3, IR-8 | Q89: 45 C.F.R. §§ 164.308(a)(2), 164.308(a)(7)(ii)(A), 164.308(a)(7)(ii)(B), 164.308(a)(7)(ii)(C), 164.310(a)(2)(i), 164.308(a)(6)(i), 164.312(a)(2)(ii)
A90: 4.2.2 | B90: RS | C90: Respond | D90: CO | E90: Communications (RS.CO): Response activities are coordinated with internal and external stakeholders (e.g. external support from law enforcement agencies). | F90: RS.CO-2 | G90: Incidents are reported consistent with established criteria | I90: Security Controls | K90: Incidents are reported to authorities based upon criteria. Incident reporting internally is informal. | L90: 2 | M90: Low | N90: CIS CSC 19 | O90: A.12.2.1, A.16.1.5 | P90: AU-6, IR-6, IR-8 | Q90: 45 C.F.R. §§ 164.308(a)(5)(ii)(B), 164.308(a)(5)(ii)(C), 164.308(a)(6)(ii), 164.314(a)(2)(i)(C), 164.314(a)(2)(iii)
A91: 4.2.3 | B91: RS | C91: Respond | D91: CO | E91: Communications (RS.CO): Response activities are coordinated with internal and external stakeholders (e.g. external support from law enforcement agencies). | F91: RS.CO-3 | G91: Information is shared consistent with response plans | I91: Security Controls | K91: Information is shared with CLIENT't IT/SECURITY vendor, legal counsel, and insurance companies. This is not defined by an IR plan. | L91: 2 | M91: Medium | N91: CIS CSC 19 | O91: A.12.6.1 | P91: CA-2, CA-7, CP-2, IR-4, IR-8, PE-6, RA-5, SI-4 | Q91: 45 C.F.R. §§ 164.308(a)(5)(ii)(B), 164.308(a)(5)(ii)(C), 164.308(a)(6)(ii), 164.314(a)(2)(i)(C)
A92: 4.2.4 | B92: RS | C92: Respond | D92: CO | E92: Communications (RS.CO): Response activities are coordinated with internal and external stakeholders (e.g. external support from law enforcement agencies). | F92: RS.CO-4 | G92: Coordination with stakeholders occurs consistent with response plans | I92: Security Controls | K92: Coordination with third-parties is done but it is informal. No IR plan exists. | L92: 2 | M92: Medium | N92: CIS CSC 19 | O92: A.16.1.6 | P92: CP-2, IR-4, IR-8 | Q92: 45 C.F.R. §§ 164.308(a)(6), 164.308(a)(7), 164.310(a)(2)(i), 164.312(a)(2)(ii) | S92: BAI01.13
A93: 4.2.5 | B93: RS | C93: Respond | D93: CO | E93: Communications (RS.CO): Response activities are coordinated with internal and external stakeholders (e.g. external support from law enforcement agencies). | F93: RS.CO-5 | G93: Voluntary information sharing occurs with external stakeholders to achieve broader cybersecurity situational awareness | I93: Security Controls | K93: Information sharing does take place with a small peer group. Reporting to authorities or industry groups has not been considered. | L93: 2 | M93: low | N93: CIS CSC 19 | P93: SI-5, PM-15 | Q93: 45 C.F.R. § 164.308(a)(6)
A94: 4.3.1 | B94: RS | C94: Respond | D94: AN | E94: Analysis (RS.AN): Analysis is conducted to ensure effective response and support recovery activities. | F94: RS.AN-1 | G94: Notifications from detection systems are investigated | I94: Security Controls | K94: Notifications are delivered via email to the team and seen via ad-hoc review by one IT person. Investigation takes place according to standard IT processes. Documentation is inconsistent. No policy or audit protocol is present. | L94: 2 | M94: Medium | N94: CIS CSC 4, 6, 8, 19 | O94: A.16.1.5 | P94: AU-6, CA-7, IR-4, IR-5, PE-6, SI-4 | Q94: 45 C.F.R. §§ 164.308(a)(1)(i), 164.308(a)(1)(ii)(D),164.308(a)(5)(ii)(B), 164.308(a)(5)(ii)(C), 164.308(a)(6)(ii), 164.312(b) | S94: DSS02.05, DSS03.04
A95: 4.3.2 | B95: RS | C95: Respond | D95: AN | E95: Analysis (RS.AN): Analysis is conducted to ensure effective response and support recovery activities. | F95: RS.AN-2 | G95: The impact of the incident is understood | I95: Security Controls | K95: The CLIENT collaborates with outside vendors and legal counsels to understand the impact of an event. No IR policy, plan, or thresholds are defined. | L95: 2 | M95: Low | P95: CP-2, IR-4 | Q95: 45 C.F.R. §§ 164.308(a)(6)(ii), 164.308(a)(7)(ii)(B), 164.308(a)(7)(ii)(C), 164.308(a)(7)(ii)(E) | S95: BAI05.07
A96: 4.3.3 | B96: RS | C96: Respond | D96: AN | E96: Analysis (RS.AN): Analysis is conducted to ensure effective response and support recovery activities. | F96: RS.AN-3 | G96: Forensics are performed | I96: Security Controls | K96: The CLIENT engages outside parties to perform forensic analysis. | L96: 2 | M96: Low | P96: AU-7, IR-4 | Q96: 45 C.F.R. § 164.308(a)(6) | S96: BAI07.08
A97: 4.3.4 | B97: RS | C97: Respond | D97: AN | E97: Analysis (RS.AN): Analysis is conducted to ensure effective response and support recovery activities. | F97: RS.AN-4 | G97: Incidents are categorized consistent with response plans | I97: Security Controls | K97: Incident categorization is not established or used. | L97: 1 | M97: Low | N97: CIS CSC 19 | P97: CP-2, IR-4, IR-5, IR-8 | Q97: 45 C.F.R. § 164.308(a)(6)(ii) | S97: EDM03.02
A98: 4.3.5 | B98: RS | C98: Respond | D98: AN | E98: Analysis (RS.AN): Analysis is conducted to ensure effective response and support recovery activities. | F98: RS.AN-5 | G98: Processes are established to receive, analyze and respond to vulnerabilities disclosed to the organization from internal and external sources (e.g. internal testing, security bulletins, or security researchers) | I98: Security Controls | K98: Informal, ad-hoc, processes for information recipt are in place. Analyzing and responsding are part of normal IT processes. No policy, documentation, or audit protocol is present. | L98: 2 | M98: Low | N98: CIS CSC 4, 19 | P98: SI-5, PM-15 | S98: MEA03.02
A99: 4.4.1 | B99: RS | C99: Respond | D99: MI | E99: Mitigation (RS.MI): Activities are performed to prevent expansion of an event, mitigate its effects, and resolve the incident. | F99: RS.MI-1 | G99: Incidents are contained | I99: Security Controls | K99: Incidents are contained by IT staff or with the assisstance of outside parties. Containment priorities are not documented via policy or process. No policy or audit protocol is present. | L99: 2 | M99: Medium | N99: CIS CSC 19 | P99: IR-4 | Q99: 45 C.F.R. § 164.308(a)(6)(ii)
A100: 4.4.2 | B100: RS | C100: Respond | D100: MI | E100: Mitigation (RS.MI): Activities are performed to prevent expansion of an event, mitigate its effects, and resolve the incident. | F100: RS.MI-2 | G100: Incidents are mitigated | I100: Security Controls | K100: Incidents are mitigated by IT staff or with the assistance of outside parties. Mitigation standards are not documented via policy or process. No policy or audit protocol is present. | L100: 2 | M100: Low | N100: CIS CSC 4, 19 | P100: IR-4 | Q100: 45 C.F.R. § 164.308(a)(6)(ii)
...

Sheet Scoring
A1: Function | B1: Function Tier Score | C1: Category | D1: Category Tier Score | E1: Subcategory | F1: Subcategory Tier Score
A2: Identify | B2: =AVERAGEIF(E2:E109,"*ID.*",F2:F109) -> 1.3448276 | C2: Asset Management (ID.AM) | D2: =AVERAGEIF(E2:E109,"*ID.AM*",F2:F109) -> 1.3333333 | E2: ID.AM-1 | F2: =Tbl_Assess[[#This Row],[Assessed Tier]] -> 1
E3: ID.AM-2 | F3: =Tbl_Assess[[#This Row],[Assessed Tier]] -> 2
E4: ID.AM-3 | F4: =Tbl_Assess[[#This Row],[Assessed Tier]] -> 1
E5: ID.AM-4 | F5: =Tbl_Assess[[#This Row],[Assessed Tier]] -> 2
E6: ID.AM-5 | F6: =Tbl_Assess[[#This Row],[Assessed Tier]] -> 1
E7: ID.AM-6 | F7: =Tbl_Assess[[#This Row],[Assessed Tier]] -> 1
C8: Business Environment (ID.BE) | D8: =AVERAGEIF(E2:E109,"*ID.BE*",F2:F109) -> 1.6 | E8: ID.BE-1 | F8: =Tbl_Assess[[#This Row],[Assessed Tier]] -> 2
E9: ID.BE-2 | F9: =Tbl_Assess[[#This Row],[Assessed Tier]] -> 2
E10: ID.BE-3 | F10: =Tbl_Assess[[#This Row],[Assessed Tier]] -> 2
E11: ID.BE-4 | F11: =Tbl_Assess[[#This Row],[Assessed Tier]] -> 1
E12: ID.BE-5 | F12: =Tbl_Assess[[#This Row],[Assessed Tier]] -> 1
C13: Governance (ID.GV) | D13: =AVERAGEIF(E2:E109,"*ID.GV*",F2:F109) -> 1.5 | E13: ID.GV-1 | F13: =Tbl_Assess[[#This Row],[Assessed Tier]] -> 1
E14: ID.GV-2 | F14: =Tbl_Assess[[#This Row],[Assessed Tier]] -> 2
E15: ID.GV-3 | F15: =Tbl_Assess[[#This Row],[Assessed Tier]] -> 2
E16: ID.GV-4 | F16: =Tbl_Assess[[#This Row],[Assessed Tier]] -> 1
C17: Risk Assessment (ID.RA) | D17: =AVERAGEIF(E2:E109,"*ID.RA*",F2:F109) -> 1.1666667 | E17: ID.RA-1 | F17: =Tbl_Assess[[#This Row],[Assessed Tier]] -> 2
E18: ID.RA-2 | F18: =Tbl_Assess[[#This Row],[Assessed Tier]] -> 1
E19: ID.RA-3 | F19: =Tbl_Assess[[#This Row],[Assessed Tier]] -> 1
E20: ID.RA-4 | F20: =Tbl_Assess[[#This Row],[Assessed Tier]] -> 1
E21: ID.RA-5 | F21: =Tbl_Assess[[#This Row],[Assessed Tier]] -> 1
E22: ID.RA-6 | F22: =Tbl_Assess[[#This Row],[Assessed Tier]] -> 1
C23: Risk Management Strategy (ID.RM) | D23: =AVERAGEIF(E2:E109,"*ID.RM*",F2:F109) -> 1 | E23: ID.RM-1 | F23: =Tbl_Assess[[#This Row],[Assessed Tier]] -> 1
E24: ID.RM-2 | F24: =Tbl_Assess[[#This Row],[Assessed Tier]] -> 1
E25: ID.RM-3 | F25: =Tbl_Assess[[#This Row],[Assessed Tier]] -> 1
C26: Supply Chain Risk Management (ID.SC) | D26: =AVERAGEIF(E2:E109,"*ID.SC*",F2:F109) -> 1.4 | E26: ID.SC-1 | F26: =Tbl_Assess[[#This Row],[Assessed Tier]] -> 1
E27: ID.SC-2 | F27: =Tbl_Assess[[#This Row],[Assessed Tier]] -> 1
E28: ID.SC-3 | F28: =Tbl_Assess[[#This Row],[Assessed Tier]] -> 2
E29: ID.SC-4 | F29: =Tbl_Assess[[#This Row],[Assessed Tier]] -> 1
E30: ID.SC-5 | F30: =Tbl_Assess[[#This Row],[Assessed Tier]] -> 2
A31: Protect | B31: =AVERAGEIF(E2:E109,"*PR.*",F2:F109) -> 1.8717949 | C31: Identity Management and Access Control (PR.AC) | D31: =AVERAGEIF(E2:E109,"*PR.AC*",F2:F109) -> 2 | E31: PR.AC-1 | F31: =Tbl_Assess[[#This Row],[Assessed Tier]] -> 2
E32: PR.AC-2 | F32: =Tbl_Assess[[#This Row],[Assessed Tier]] -> 2
E33: PR.AC-3 | F33: =Tbl_Assess[[#This Row],[Assessed Tier]] -> 2
E34: PR.AC-4 | F34: =Tbl_Assess[[#This Row],[Assessed Tier]] -> 2
E35: PR.AC-5 | F35: =Tbl_Assess[[#This Row],[Assessed Tier]] -> 2
E36: PR.AC-6 | F36: =Tbl_Assess[[#This Row],[Assessed Tier]] -> 2
E37: PR.AC-7 | F37: =Tbl_Assess[[#This Row],[Assessed Tier]] -> 2
C38: Awareness and Training (PR.AT) | D38: =AVERAGEIF(E2:E109,"*PR.AT*",F2:F109) -> 2 | E38: PR.AT-1 | F38: =Tbl_Assess[[#This Row],[Assessed Tier]] -> 2
E39: PR.AT-2 | F39: =Tbl_Assess[[#This Row],[Assessed Tier]] -> 2
E40: PR.AT-3 | F40: =Tbl_Assess[[#This Row],[Assessed Tier]] -> 2
E41: PR.AT-4 | F41: =Tbl_Assess[[#This Row],[Assessed Tier]] -> 2
E42: PR.AT-5 | F42: =Tbl_Assess[[#This Row],[Assessed Tier]] -> 2
C43: Data Security (PR.DS) | D43: =AVERAGEIF(E2:E109,"*PR.DS*",F2:F109) -> 2 | E43: PR.DS-1 | F43: =Tbl_Assess[[#This Row],[Assessed Tier]] -> 2
E44: PR.DS-2 | F44: =Tbl_Assess[[#This Row],[Assessed Tier]] -> 2
E45: PR.DS-3 | F45: =Tbl_Assess[[#This Row],[Assessed Tier]] -> 3
E46: PR.DS-4 | F46: =Tbl_Assess[[#This Row],[Assessed Tier]] -> 2
E47: PR.DS-5 | F47: =Tbl_Assess[[#This Row],[Assessed Tier]] -> 2
E48: PR.DS-6 | F48: =Tbl_Assess[[#This Row],[Assessed Tier]] -> 2
E49: PR.DS-7 | F49: =Tbl_Assess[[#This Row],[Assessed Tier]] -> 2
E50: PR.DS-8 | F50: =Tbl_Assess[[#This Row],[Assessed Tier]] -> 1
C51: Information Protection (PR.IP) | D51: =AVERAGEIF(E2:E109,"*PR.IP*",F2:F109) -> 1.75 | E51: PR.IP-1 | F51: =Tbl_Assess[[#This Row],[Assessed Tier]] -> 2
E52: PR.IP-2 | F52: =Tbl_Assess[[#This Row],[Assessed Tier]] -> 2
E53: PR.IP-3 | F53: =Tbl_Assess[[#This Row],[Assessed Tier]] -> 2
E54: PR.IP-4 | F54: =Tbl_Assess[[#This Row],[Assessed Tier]] -> 2
E55: PR.IP-5 | F55: =Tbl_Assess[[#This Row],[Assessed Tier]] -> 2
E56: PR.IP-6 | F56: =Tbl_Assess[[#This Row],[Assessed Tier]] -> 2
E57: PR.IP-7 | F57: =Tbl_Assess[[#This Row],[Assessed Tier]] -> 2
E58: PR.IP-8 | F58: =Tbl_Assess[[#This Row],[Assessed Tier]] -> 1
E59: PR.IP-9 | F59: =Tbl_Assess[[#This Row],[Assessed Tier]] -> 1
E60: PR.IP-10 | F60: =Tbl_Assess[[#This Row],[Assessed Tier]] -> 1
E61: PR.IP-11 | F61: =Tbl_Assess[[#This Row],[Assessed Tier]] -> 2
E62: PR.IP-12 | F62: =Tbl_Assess[[#This Row],[Assessed Tier]] -> 2
C63: Maintenance (PR.MA) | D63: =AVERAGEIF(E2:E109,"*PR.MA*",F2:F109) -> 2 | E63: PR.MA-1 | F63: =Tbl_Assess[[#This Row],[Assessed Tier]] -> 2
E64: PR.MA-2 | F64: =Tbl_Assess[[#This Row],[Assessed Tier]] -> 2
C65: Protective Technology (PR.PT) | D65: =AVERAGEIF(E2:E109,"*PR.PT*",F2:F109) -> 1.6 | E65: PR.PT-1 | F65: =Tbl_Assess[[#This Row],[Assessed Tier]] -> 1
E66: PR.PT-2 | F66: =Tbl_Assess[[#This Row],[Assessed Tier]] -> 1
E67: PR.PT-3 | F67: =Tbl_Assess[[#This Row],[Assessed Tier]] -> 2
E68: PR.PT-4 | F68: =Tbl_Assess[[#This Row],[Assessed Tier]] -> 2
E69: PR.PT-5 | F69: =Tbl_Assess[[#This Row],[Assessed Tier]] -> 2
A70: Detect | B70: =AVERAGEIF(E2:E109,"*DE.*",F2:F109) -> 1.5 | C70: Anomalies and Events (DE.AE) | D70: =AVERAGEIF(E2:E109,"*DE.AE*",F2:F109) -> 1.6 | E70: DE.AE-1 | F70: =Tbl_Assess[[#This Row],[Assessed Tier]] -> 2
E71: DE.AE-2 | F71: =Tbl_Assess[[#This Row],[Assessed Tier]] -> 2
E72: DE.AE-3 | F72: =Tbl_Assess[[#This Row],[Assessed Tier]] -> 1
E73: DE.AE-4 | F73: =Tbl_Assess[[#This Row],[Assessed Tier]] -> 2
E74: DE.AE-5 | F74: =Tbl_Assess[[#This Row],[Assessed Tier]] -> 1
C75: Security Continuous Monitoring (DE.CM) | D75: =AVERAGEIF(E2:E109,"*DE.CM*",F2:F109) -> 1.5 | E75: DE.CM-1 | F75: =Tbl_Assess[[#This Row],[Assessed Tier]] -> 1
E76: DE.CM-2 | F76: =Tbl_Assess[[#This Row],[Assessed Tier]] -> 2
E77: DE.CM-3 | F77: =Tbl_Assess[[#This Row],[Assessed Tier]] -> 2
E78: DE.CM-4 | F78: =Tbl_Assess[[#This Row],[Assessed Tier]] -> 2
E79: DE.CM-5 | F79: =Tbl_Assess[[#This Row],[Assessed Tier]] -> 2
E80: DE.CM-6 | F80: =Tbl_Assess[[#This Row],[Assessed Tier]] -> 1
E81: DE.CM-7 | F81: =Tbl_Assess[[#This Row],[Assessed Tier]] -> 1
E82: DE.CM-8 | F82: =Tbl_Assess[[#This Row],[Assessed Tier]] -> 1
C83: Detection Processes (DE.DP) | D83: =AVERAGEIF(E2:E109,"*DE.DP*",F2:F109) -> 1.4 | E83: DE.DP-1 | F83: =Tbl_Assess[[#This Row],[Assessed Tier]] -> 2
E84: DE.DP-2 | F84: =Tbl_Assess[[#This Row],[Assessed Tier]] -> 1
E85: DE.DP-3 | F85: =Tbl_Assess[[#This Row],[Assessed Tier]] -> 1
E86: DE.DP-4 | F86: =Tbl_Assess[[#This Row],[Assessed Tier]] -> 1
E87: DE.DP-5 | F87: =Tbl_Assess[[#This Row],[Assessed Tier]] -> 2
A88: Respond | B88: =AVERAGEIF(E2:E109,"*RS.*",F2:F109) -> 1.8125 | C88: Response Planning (RS.RP) | D88: =AVERAGEIF(E2:E109,"*RS.RP*",F2:F109) -> 2 | E88: RS.RP-1 | F88: =Tbl_Assess[[#This Row],[Assessed Tier]] -> 2
C89: Communications (RS.CO) | D89: =AVERAGEIF(E2:E109,"*RS.CO*",F2:F109) -> 2 | E89: RS.CO-1 | F89: =Tbl_Assess[[#This Row],[Assessed Tier]] -> 2
E90: RS.CO-2 | F90: =Tbl_Assess[[#This Row],[Assessed Tier]] -> 2
E91: RS.CO-3 | F91: =Tbl_Assess[[#This Row],[Assessed Tier]] -> 2
E92: RS.CO-4 | F92: =Tbl_Assess[[#This Row],[Assessed Tier]] -> 2
E93: RS.CO-5 | F93: =Tbl_Assess[[#This Row],[Assessed Tier]] -> 2
C94: Analysis (RS.AN) | D94: =AVERAGEIF(E2:E109,"*RS.AN*",F2:F109) -> 1.8 | E94: RS.AN-1 | F94: =Tbl_Assess[[#This Row],[Assessed Tier]] -> 2
E95: RS.AN-2 | F95: =Tbl_Assess[[#This Row],[Assessed Tier]] -> 2
E96: RS.AN-3 | F96: =Tbl_Assess[[#This Row],[Assessed Tier]] -> 2
E97: RS.AN-4 | F97: =Tbl_Assess[[#This Row],[Assessed Tier]] -> 1
E98: RS.AN-5 | F98: =Tbl_Assess[[#This Row],[Assessed Tier]] -> 2
C99: Mitigation (RS.MI) | D99: =AVERAGEIF(E2:E109,"*RS.MI*",F2:F109) -> 1.6666667 | E99: RS.MI-1 | F99: =Tbl_Assess[[#This Row],[Assessed Tier]] -> 2
E100: RS.MI-2 | F100: =Tbl_Assess[[#This Row],[Assessed Tier]] -> 2
...

Sheet Summary
A1: Summary Tables
A2: Function | C2: Current Tier | D2: Target Tier
B3: Identify | C3: =Scoring!B2 -> 1.3448276 | D3: =TargetMaturityTier -> 3
B4: Protect | C4: =Scoring!B31 -> 1.8717949 | D4: =TargetMaturityTier -> 3
B5: Detect | C5: =Scoring!B70 -> 1.5 | D5: =TargetMaturityTier -> 3
B6: Respond | C6: =Scoring!B88 -> 1.8125 | D6: =TargetMaturityTier -> 3
B7: Recover | C7: =Scoring!B104 -> 1.3333333 | D7: =TargetMaturityTier -> 3
A9: Function | B9: Category | C9: Current Tier | D9: Target Tier
A10: ID | B10: Asset Management (ID.AM) | C10: =Scoring!D2 -> 1.3333333 | D10: =TargetMaturityTier -> 3
A11: ID | B11: Business Environment (ID.BE) | C11: =Scoring!D8 -> 1.6 | D11: =TargetMaturityTier -> 3
A12: ID | B12: Governance (ID.GV) | C12: =Scoring!D13 -> 1.5 | D12: =TargetMaturityTier -> 3
A13: ID | B13: Risk Assessment (ID.RA) | C13: =Scoring!D17 -> 1.1666667 | D13: =TargetMaturityTier -> 3
A14: ID | B14: Risk Management Strategy (ID.RM) | C14: =Scoring!D23 -> 1 | D14: =TargetMaturityTier -> 3
A15: ID | B15: Supply Chain Risk Management (ID.SC) | C15: =Scoring!D26 -> 1.4 | D15: =TargetMaturityTier -> 3
A16: PR | B16: Identity Management and Access Control (PR.AC) | C16: =Scoring!D31 -> 2 | D16: =TargetMaturityTier -> 3
A17: PR | B17: Awareness and Training (PR.AT) | C17: =Scoring!D38 -> 2 | D17: =TargetMaturityTier -> 3
A18: PR | B18: Data Security (PR.DS) | C18: =Scoring!D43 -> 2 | D18: =TargetMaturityTier -> 3
A19: PR | B19: Information Protection (PR.IP) | C19: =Scoring!D51 -> 1.75 | D19: =TargetMaturityTier -> 3
A20: PR | B20: Maintenance (PR.MA) | C20: =Scoring!D63 -> 2 | D20: =TargetMaturityTier -> 3
A21: PR | B21: Protective Technology (PR.PT) | C21: =Scoring!D65 -> 1.6 | D21: =TargetMaturityTier -> 3
A22: DE | B22: Anomalies and Events (DE.AE) | C22: =Scoring!D70 -> 1.6 | D22: =TargetMaturityTier -> 3
A23: DE | B23: Security Continuous Monitoring (DE.CM) | C23: =Scoring!D75 -> 1.5 | D23: =TargetMaturityTier -> 3
A24: DE | B24: Detection Processes (DE.DP) | C24: =Scoring!D83 -> 1.4 | D24: =TargetMaturityTier -> 3
A25: RS | B25: Response Planning (RS.RP) | C25: =Scoring!D88 -> 2 | D25: =TargetMaturityTier -> 3
A26: RS | B26: Communications (RS.CO) | C26: =Scoring!D89 -> 2 | D26: =TargetMaturityTier -> 3
A27: RS | B27: Analysis (RS.AN) | C27: =Scoring!D94 -> 1.8 | D27: =TargetMaturityTier -> 3
A28: RS | B28: Mitigation (RS.MI) | C28: =Scoring!D99 -> 1.6666667 | D28: =TargetMaturityTier -> 3
A29: RS | B29: Improvements (RS.IM) | C29: =Scoring!D102 -> 1.5 | D29: =TargetMaturityTier -> 3
A30: RC | B30: Recovery Planning (RC.RP) | C30: =Scoring!D104 -> 2 | D30: =TargetMaturityTier -> 3
A31: RC | B31: Improvements (RC.IM) | C31: =Scoring!D105 -> 1 | D31: =TargetMaturityTier -> 3
A32: RC | B32: Communications (RC.CO) | C32: =Scoring!D107 -> 1.3333333 | D32: =TargetMaturityTier -> 3

Sheet Charts

Sheet CSF Overview
A1: Overview | B1: The NIST Cybersecurity Framework is voluntary guidance, based on existing standards, guidelines, and practices for organizations to better manage and reduce cybersecurity risk. In addition to helping organizations manage and reduce risks, it was designed to foster risk and cybersecurity management communications amongst both internal and external organizational stakeholders.
A3: Core | B3: The Framework Core provides a set of desired cybersecurity activities and outcomes using common language that is easy to understand. The Core guides organizations in managing and reducing their cybersecurity risks in a way that complements an organization’s existing cybersecurity and risk management processes.
A5: Tiers | B5: The Framework Implementation Tiers assist organizations by providing context on how an organization views cybersecurity risk management. The Tiers guide organizations to consider the appropriate level of rigor for their cybersecurity program and are often used as a communication tool to discuss risk appetite, mission priority, and budget.
A6: Tier 1: Partial | B6: Risk Management Process – Organizational cybersecurity risk management practices are not formalized, and risk is managed in an ad hoc and sometimes reactive manner. Prioritization of cybersecurity activities may not be directly informed by organizational risk objectives, the threat environment, or business/mission requirements. Integrated Risk Management Program – There is limited awareness of cybersecurity risk at the organizational level. The organization implements cybersecurity risk management on an irregular, case-by-case basis due to varied experience or information gained from outside sources. The organization may not have processes that enable cybersecurity information to be shared within the organization. External Participation – The organization does not understand its role in the larger ecosystem with respect to either its dependencies or dependents. The organization does not collaborate with or receive information (e.g., threat intelligence, best practices, technologies) from other entities (e.g., buyers, suppliers, dependencies, dependents, ISAOs, researchers, governments), nor does it share information. The organization is generally unaware of the cyber supply chain risks of the products and services it provides and that it uses.
A7: Tier 2: Risk Informed | B7: Risk Management Process – Risk management practices are approved by management but may not be established as organizational-wide policy. Prioritization of cybersecurity activities and protection needs is directly informed by organizational risk objectives, the threat environment, or business/mission requirements. Integrated Risk Management Program – There is an awareness of cybersecurity risk at the organizational level, but an organization-wide approach to managing cybersecurity risk has not been established. Cybersecurity information is shared within the organization on an informal basis. Consideration of cybersecurity in organizational objectives and programs may occur at some but not all levels of the organization. Cyber risk assessment of organizational and external assets occurs, but is not typically repeatable or reoccurring. External Participation – Generally, the organization understands its role in the larger ecosystem with respect to either its own dependencies or dependents, but not both. The organization collaborates with and receives some information from other entities and generates some of its own information, but may not share information with others. Additionally, the organization is aware of the cyber supply chain risks associated with the products and services it provides and uses, but does not act consistently or formally upon those risks.
A8: Tier 3: Repeatable | B8: Risk Management Process – The organization’s risk management practices are formally approved and expressed as policy. Organizational cybersecurity practices are regularly updated based on the application of risk management processes to changes in business/mission requirements and a changing threat and technology landscape. Integrated Risk Management Program – There is an organization-wide approach to manage cybersecurity risk. Risk-informed policies, processes, and procedures are defined, implemented as intended, and reviewed. Consistent methods are in place to respond effectively to changes in risk. Personnel possess the knowledge and skills to perform their appointed roles and responsibilities. The organization consistently and accurately monitors cybersecurity risk of organizational assets. Senior cybersecurity and non-cybersecurity executives communicate regularly regarding cybersecurity risk. Senior executives ensure consideration of cybersecurity through all lines of operation in the organization. External Participation – The organization understands its role, dependencies, and dependents in the larger ecosystem and may contribute to the community’s broader understanding of risks. It collaborates with and receives information from other entities regularly that complements internally generated information, and shares information with other entities. The organization is aware of the cyber supply chain risks associated with the products and services it provides and that it uses. Additionally, it usually acts formally upon those risks, including mechanisms such as written agreements to communicate baseline requirements, governance structures (e.g., risk councils), and policy implementation and monitoring.
A9: Tier 4: Adaptable | B9: Risk Management Process – The organization adapts its cybersecurity practices based on previous and current cybersecurity activities, including lessons learned and predictive indicators. Through a process of continuous improvement incorporating advanced cybersecurity technologies and practices, the organization actively adapts to a changing threat and technology landscape and responds in a timely and effective manner to evolving, sophisticated threats. Integrated Risk Management Program – There is an organization-wide approach to managing cybersecurity risk that uses risk-informed policies, processes, and procedures to address potential cybersecurity events. The relationship between cybersecurity risk and organizational objectives is clearly understood and considered when making decisions. Senior executives monitor cybersecurity risk in the same context as financial risk and other organizational risks. The organizational budget is based on an understanding of the current and predicted risk environment and risk tolerance. Business units implement executive vision and analyze system-level risks in the context of the organizational risk tolerances. Cybersecurity risk management is part of the organizational culture and evolves from an awareness of previous activities and continuous awareness of activities on their systems and networks. The organization can quickly and efficiently account for changes to business/mission objectives in how risk is approached and communicated. External Participation – The organization understands its role, dependencies, and dependents in the larger ecosystem and contributes to the community’s broader understanding of risks. It receives, generates, and reviews prioritized information that informs continuous analysis of its risks as the threat and technology landscapes evolve. The organization shares that information internally and externally with other collaborators. The organization uses real-time or near real-time information to understand and consistently act upon cyber supply chain risks associated with the products and services it provides and that it uses. Additionally, it communicates proactively, using formal (e.g. agreements) and informal mechanisms to develop and maintain strong supply chain relationships.
B11: The NIST CSF is available free of charge from NIST.
B12: https://www.nist.gov/cyberframework/framework

Sheet KEY
A2: Tier | B2: Desc. | D2: Priority
A3: 1 | B3: Partial | D3: Critical
A4: 2 | B4: Risk Informed (Thought about it) | D4: High
A5: 3 | B5: Repeatable (Considered and Codified) | D5: Medium
A6: 4 | B6: Adaptable | D6: Low
A7: N/A
